TERRITORIO,TIME_PERIOD,MEDIDAS,OBS_VALUE,tipo_territorio
El Tanque,2020,Distribución de la renta P80/P20,2.0,municipio
Buenavista del Norte,2020,Distribución de la renta P80/P20,2.0,municipio
Tuineje,2023,Distribución de la renta P80/P20,2.1,municipio
Tuineje,2018,Distribución de la renta P80/P20,2.1,municipio
La Aldea de San Nicolás,2019,Distribución de la renta P80/P20,2.1,municipio
Los Silos,2016,Distribución de la renta P80/P20,2.1,municipio
Tinajo,2023,Distribución de la renta P80/P20,2.1,municipio
El Tanque,2022,Distribución de la renta P80/P20,2.1,municipio
Tinajo,2019,Distribución de la renta P80/P20,2.1,municipio
Tinajo,2022,Distribución de la renta P80/P20,2.1,municipio
Buenavista del Norte,2023,Distribución de la renta P80/P20,2.1,municipio
La Guancha,2021,Distribución de la renta P80/P20,2.1,municipio
El Tanque,2023,Distribución de la renta P80/P20,2.1,municipio
Alajeró,2023,Distribución de la renta P80/P20,2.2,municipio
Alajeró,2021,Distribución de la renta P80/P20,2.2,municipio
Los Realejos,2019,Distribución de la renta P80/P20,2.2,municipio
Tinajo,2018,Distribución de la renta P80/P20,2.2,municipio
Tazacorte,2022,Distribución de la renta P80/P20,2.2,municipio
La Guancha,2020,Distribución de la renta P80/P20,2.2,municipio
La Guancha,2022,Distribución de la renta P80/P20,2.2,municipio
La Guancha,2023,Distribución de la renta P80/P20,2.2,municipio
Los Silos,2017,Distribución de la renta P80/P20,2.2,municipio
Tinajo,2021,Distribución de la renta P80/P20,2.2,municipio
San Juan de la Rambla,2023,Distribución de la renta P80/P20,2.2,municipio
Garachico,2023,Distribución de la renta P80/P20,2.2,municipio
La Guancha,2019,Distribución de la renta P80/P20,2.2,municipio
El Tanque,2018,Distribución de la renta P80/P20,2.2,municipio
El Tanque,2021,Distribución de la renta P80/P20,2.2,municipio
Tuineje,2019,Distribución de la renta P80/P20,2.2,municipio
Los Silos,2022,Distribución de la renta P80/P20,2.2,municipio
Alajeró,2022,Distribución de la renta P80/P20,2.2,municipio
El Tanque,2015,Distribución de la renta P80/P20,2.2,municipio
Tinajo,2020,Distribución de la renta P80/P20,2.2,municipio
La Aldea de San Nicolás,2018,Distribución de la renta P80/P20,2.2,municipio
Los Silos,2018,Distribución de la renta P80/P20,2.2,municipio
Garachico,2019,Distribución de la renta P80/P20,2.2,municipio
Los Realejos,2023,Distribución de la renta P80/P20,2.2,municipio
Vallehermoso,2015,Distribución de la renta P80/P20,2.2,municipio
Guía de Isora,2023,Distribución de la renta P80/P20,2.2,municipio
Ingenio,2022,Distribución de la renta P80/P20,2.2,municipio
Vallehermoso,2016,Distribución de la renta P80/P20,2.2,municipio
La Aldea de San Nicolás,2023,Distribución de la renta P80/P20,2.2,municipio
Ingenio,2023,Distribución de la renta P80/P20,2.2,municipio
La Aldea de San Nicolás,2020,Distribución de la renta P80/P20,2.2,municipio
Buenavista del Norte,2022,Distribución de la renta P80/P20,2.2,municipio
Buenavista del Norte,2021,Distribución de la renta P80/P20,2.2,municipio
Artenara,2023,Distribución de la renta P80/P20,2.2,municipio
Tuineje,2017,Distribución de la renta P80/P20,2.2,municipio
Valleseco,2020,Distribución de la renta P80/P20,2.3,municipio
Los Silos,2023,Distribución de la renta P80/P20,2.3,municipio
Valleseco,2023,Distribución de la renta P80/P20,2.3,municipio
La Guancha,2018,Distribución de la renta P80/P20,2.3,municipio
Los Realejos,2021,Distribución de la renta P80/P20,2.3,municipio
Los Realejos,2018,Distribución de la renta P80/P20,2.3,municipio
La Guancha,2017,Distribución de la renta P80/P20,2.3,municipio
Hermigua,2019,Distribución de la renta P80/P20,2.3,municipio
La Guancha,2016,Distribución de la renta P80/P20,2.3,municipio
Santa Lucía de Tirajana,2023,Distribución de la renta P80/P20,2.3,municipio
Tinajo,2016,Distribución de la renta P80/P20,2.3,municipio
Tinajo,2017,Distribución de la renta P80/P20,2.3,municipio
La Victoria de Acentejo,2023,Distribución de la renta P80/P20,2.3,municipio
Los Realejos,2017,Distribución de la renta P80/P20,2.3,municipio
Tuineje,2022,Distribución de la renta P80/P20,2.3,municipio
San Bartolomé,2023,Distribución de la renta P80/P20,2.3,municipio
Firgas,2023,Distribución de la renta P80/P20,2.3,municipio
Guía de Isora,2020,Distribución de la renta P80/P20,2.3,municipio
Yaiza,2023,Distribución de la renta P80/P20,2.3,municipio
Guía de Isora,2022,Distribución de la renta P80/P20,2.3,municipio
Pájara,2023,Distribución de la renta P80/P20,2.3,municipio
Guía de Isora,2018,Distribución de la renta P80/P20,2.3,municipio
Pájara,2019,Distribución de la renta P80/P20,2.3,municipio
La Aldea de San Nicolás,2017,Distribución de la renta P80/P20,2.3,municipio
Gáldar,2019,Distribución de la renta P80/P20,2.3,municipio
Gáldar,2020,Distribución de la renta P80/P20,2.3,municipio
Garachico,2022,Distribución de la renta P80/P20,2.3,municipio
Garachico,2021,Distribución de la renta P80/P20,2.3,municipio
Gáldar,2023,Distribución de la renta P80/P20,2.3,municipio
Icod de los Vinos,2023,Distribución de la renta P80/P20,2.3,municipio
Ingenio,2021,Distribución de la renta P80/P20,2.3,municipio
Vallehermoso,2020,Distribución de la renta P80/P20,2.3,municipio
La Aldea de San Nicolás,2021,Distribución de la renta P80/P20,2.3,municipio
Ingenio,2019,Distribución de la renta P80/P20,2.3,municipio
La Aldea de San Nicolás,2022,Distribución de la renta P80/P20,2.3,municipio
Tuineje,2016,Distribución de la renta P80/P20,2.3,municipio
San Juan de la Rambla,2022,Distribución de la renta P80/P20,2.3,municipio
La Matanza de Acentejo,2023,Distribución de la renta P80/P20,2.3,municipio
Tuineje,2020,Distribución de la renta P80/P20,2.3,municipio
Tuineje,2021,Distribución de la renta P80/P20,2.3,municipio
Alajeró,2017,Distribución de la renta P80/P20,2.3,municipio
Alajeró,2020,Distribución de la renta P80/P20,2.3,municipio
Agulo,2015,Distribución de la renta P80/P20,2.3,municipio
Alajeró,2019,Distribución de la renta P80/P20,2.3,municipio
Tuineje,2015,Distribución de la renta P80/P20,2.3,municipio
Los Silos,2020,Distribución de la renta P80/P20,2.3,municipio
La Orotava,2023,Distribución de la renta P80/P20,2.3,municipio
Los Silos,2019,Distribución de la renta P80/P20,2.3,municipio
Buenavista del Norte,2019,Distribución de la renta P80/P20,2.3,municipio
Buenavista del Norte,2017,Distribución de la renta P80/P20,2.3,municipio
Agulo,2022,Distribución de la renta P80/P20,2.3,municipio
Los Realejos,2022,Distribución de la renta P80/P20,2.3,municipio
Agüimes,2022,Distribución de la renta P80/P20,2.3,municipio
Agüimes,2023,Distribución de la renta P80/P20,2.3,municipio
Garachico,2018,Distribución de la renta P80/P20,2.3,municipio
Icod de los Vinos,2021,Distribución de la renta P80/P20,2.4,municipio
Hermigua,2018,Distribución de la renta P80/P20,2.4,municipio
Hermigua,2017,Distribución de la renta P80/P20,2.4,municipio
Teguise,2023,Distribución de la renta P80/P20,2.4,municipio
Tazacorte,2019,Distribución de la renta P80/P20,2.4,municipio
Los Realejos,2020,Distribución de la renta P80/P20,2.4,municipio
San Sebastián de La Gomera,2023,Distribución de la renta P80/P20,2.4,municipio
Teror,2023,Distribución de la renta P80/P20,2.4,municipio
San Bartolomé,2022,Distribución de la renta P80/P20,2.4,municipio
Alajeró,2015,Distribución de la renta P80/P20,2.4,municipio
San Juan de la Rambla,2019,Distribución de la renta P80/P20,2.4,municipio
Agaete,2023,Distribución de la renta P80/P20,2.4,municipio
Agaete,2022,Distribución de la renta P80/P20,2.4,municipio
Valleseco,2022,Distribución de la renta P80/P20,2.4,municipio
Alajeró,2018,Distribución de la renta P80/P20,2.4,municipio
Agulo,2016,Distribución de la renta P80/P20,2.4,municipio
Vega de San Mateo,2023,Distribución de la renta P80/P20,2.4,municipio
Garachico,2020,Distribución de la renta P80/P20,2.4,municipio
El Tanque,2019,Distribución de la renta P80/P20,2.4,municipio
La Orotava,2021,Distribución de la renta P80/P20,2.4,municipio
Valsequillo de Gran Canaria,2019,Distribución de la renta P80/P20,2.4,municipio
El Tanque,2017,Distribución de la renta P80/P20,2.4,municipio
Artenara,2022,Distribución de la renta P80/P20,2.4,municipio
Valleseco,2019,Distribución de la renta P80/P20,2.4,municipio
Valsequillo de Gran Canaria,2023,Distribución de la renta P80/P20,2.4,municipio
La Aldea de San Nicolás,2015,Distribución de la renta P80/P20,2.4,municipio
Firgas,2022,Distribución de la renta P80/P20,2.4,municipio
Fuencaliente de La Palma,2021,Distribución de la renta P80/P20,2.4,municipio
Guía de Isora,2017,Distribución de la renta P80/P20,2.4,municipio
Guía de Isora,2021,Distribución de la renta P80/P20,2.4,municipio
La Victoria de Acentejo,2021,Distribución de la renta P80/P20,2.4,municipio
Guía de Isora,2019,Distribución de la renta P80/P20,2.4,municipio
La Victoria de Acentejo,2022,Distribución de la renta P80/P20,2.4,municipio
Los Silos,2015,Distribución de la renta P80/P20,2.4,municipio
Pájara,2015,Distribución de la renta P80/P20,2.4,municipio
Pájara,2020,Distribución de la renta P80/P20,2.4,municipio
Pájara,2017,Distribución de la renta P80/P20,2.4,municipio
Pájara,2018,Distribución de la renta P80/P20,2.4,municipio
Tazacorte,2021,Distribución de la renta P80/P20,2.4,municipio
Icod de los Vinos,2022,Distribución de la renta P80/P20,2.4,municipio
Artenara,2019,Distribución de la renta P80/P20,2.4,municipio
Gáldar,2021,Distribución de la renta P80/P20,2.4,municipio
Firgas,2019,Distribución de la renta P80/P20,2.4,municipio
Vilaflor de Chasna,2018,Distribución de la renta P80/P20,2.4,municipio
Vilaflor de Chasna,2021,Distribución de la renta P80/P20,2.4,municipio
Santa María de Guía de Gran Canaria,2019,Distribución de la renta P80/P20,2.4,municipio
Santa María de Guía de Gran Canaria,2018,Distribución de la renta P80/P20,2.4,municipio
Santa María de Guía de Gran Canaria,2020,Distribución de la renta P80/P20,2.4,municipio
La Matanza de Acentejo,2021,Distribución de la renta P80/P20,2.4,municipio
Artenara,2020,Distribución de la renta P80/P20,2.4,municipio
Gáldar,2018,Distribución de la renta P80/P20,2.4,municipio
Buenavista del Norte,2018,Distribución de la renta P80/P20,2.4,municipio
Vallehermoso,2017,Distribución de la renta P80/P20,2.4,municipio
Tegueste,2022,Distribución de la renta P80/P20,2.4,municipio
Buenavista del Norte,2015,Distribución de la renta P80/P20,2.4,municipio
Ingenio,2020,Distribución de la renta P80/P20,2.4,municipio
Ingenio,2018,Distribución de la renta P80/P20,2.4,municipio
Agulo,2023,Distribución de la renta P80/P20,2.4,municipio
Lanzarote,2023,Distribución de la renta P80/P20,2.4,isla
Los Silos,2021,Distribución de la renta P80/P20,2.4,municipio
Betancuria,2019,Distribución de la renta P80/P20,2.4,municipio
Vallehermoso,2021,Distribución de la renta P80/P20,2.4,municipio
Betancuria,2022,Distribución de la renta P80/P20,2.4,municipio
Ingenio,2016,Distribución de la renta P80/P20,2.4,municipio
Agulo,2021,Distribución de la renta P80/P20,2.4,municipio
Arrecife,2019,Distribución de la renta P80/P20,2.4,municipio
Arafo,2023,Distribución de la renta P80/P20,2.4,municipio
Agulo,2017,Distribución de la renta P80/P20,2.4,municipio
Agulo,2018,Distribución de la renta P80/P20,2.4,municipio
Garachico,2017,Distribución de la renta P80/P20,2.4,municipio
Agüimes,2019,Distribución de la renta P80/P20,2.4,municipio
Agüimes,2018,Distribución de la renta P80/P20,2.4,municipio
Arrecife,2023,Distribución de la renta P80/P20,2.4,municipio
Arrecife,2022,Distribución de la renta P80/P20,2.4,municipio
Agüimes,2020,Distribución de la renta P80/P20,2.5,municipio
Agüimes,2021,Distribución de la renta P80/P20,2.5,municipio
Agaete,2018,Distribución de la renta P80/P20,2.5,municipio
Fuencaliente de La Palma,2016,Distribución de la renta P80/P20,2.5,municipio
Granadilla de Abona,2020,Distribución de la renta P80/P20,2.5,municipio
Granadilla de Abona,2022,Distribución de la renta P80/P20,2.5,municipio
Granadilla de Abona,2023,Distribución de la renta P80/P20,2.5,municipio
Haría,2023,Distribución de la renta P80/P20,2.5,municipio
Arrecife,2018,Distribución de la renta P80/P20,2.5,municipio
Arafo,2022,Distribución de la renta P80/P20,2.5,municipio
Agulo,2020,Distribución de la renta P80/P20,2.5,municipio
Lanzarote,2022,Distribución de la renta P80/P20,2.5,isla
Moya,2019,Distribución de la renta P80/P20,2.5,municipio
Moya,2020,Distribución de la renta P80/P20,2.5,municipio
Moya,2021,Distribución de la renta P80/P20,2.5,municipio
Moya,2023,Distribución de la renta P80/P20,2.5,municipio
Barlovento,2017,Distribución de la renta P80/P20,2.5,municipio
Barlovento,2021,Distribución de la renta P80/P20,2.5,municipio
Vallehermoso,2022,Distribución de la renta P80/P20,2.5,municipio
Vallehermoso,2023,Distribución de la renta P80/P20,2.5,municipio
Betancuria,2017,Distribución de la renta P80/P20,2.5,municipio
Betancuria,2023,Distribución de la renta P80/P20,2.5,municipio
Puntallana,2018,Distribución de la renta P80/P20,2.5,municipio
Fasnia,2018,Distribución de la renta P80/P20,2.5,municipio
Gáldar,2015,Distribución de la renta P80/P20,2.5,municipio
Gáldar,2017,Distribución de la renta P80/P20,2.5,municipio
Ingenio,2015,Distribución de la renta P80/P20,2.5,municipio
Ingenio,2017,Distribución de la renta P80/P20,2.5,municipio
Güímar,2019,Distribución de la renta P80/P20,2.5,municipio
Güímar,2022,Distribución de la renta P80/P20,2.5,municipio
Tegueste,2023,Distribución de la renta P80/P20,2.5,municipio
Candelaria,2023,Distribución de la renta P80/P20,2.5,municipio
Vallehermoso,2019,Distribución de la renta P80/P20,2.5,municipio
San Andrés y Sauces,2018,Distribución de la renta P80/P20,2.5,municipio
San Andrés y Sauces,2019,Distribución de la renta P80/P20,2.5,municipio
Fuerteventura,2019,Distribución de la renta P80/P20,2.5,isla
Buenavista del Norte,2016,Distribución de la renta P80/P20,2.5,municipio
La Aldea de San Nicolás,2016,Distribución de la renta P80/P20,2.5,municipio
Yaiza,2019,Distribución de la renta P80/P20,2.5,municipio
La Victoria de Acentejo,2015,Distribución de la renta P80/P20,2.5,municipio
La Victoria de Acentejo,2017,Distribución de la renta P80/P20,2.5,municipio
La Victoria de Acentejo,2019,Distribución de la renta P80/P20,2.5,municipio
Firgas,2020,Distribución de la renta P80/P20,2.5,municipio
Firgas,2021,Distribución de la renta P80/P20,2.5,municipio
Pájara,2022,Distribución de la renta P80/P20,2.5,municipio
Güímar,2023,Distribución de la renta P80/P20,2.5,municipio
Guía de Isora,2015,Distribución de la renta P80/P20,2.5,municipio
Guía de Isora,2016,Distribución de la renta P80/P20,2.5,municipio
La Victoria de Acentejo,2020,Distribución de la renta P80/P20,2.5,municipio
Yaiza,2022,Distribución de la renta P80/P20,2.5,municipio
Tinajo,2015,Distribución de la renta P80/P20,2.5,municipio
Santa Lucía de Tirajana,2021,Distribución de la renta P80/P20,2.5,municipio
Santa Lucía de Tirajana,2022,Distribución de la renta P80/P20,2.5,municipio
Santa Úrsula,2023,Distribución de la renta P80/P20,2.5,municipio
Icod de los Vinos,2017,Distribución de la renta P80/P20,2.5,municipio
Icod de los Vinos,2019,Distribución de la renta P80/P20,2.5,municipio
Icod de los Vinos,2020,Distribución de la renta P80/P20,2.5,municipio
Pájara,2016,Distribución de la renta P80/P20,2.5,municipio
Gáldar,2022,Distribución de la renta P80/P20,2.5,municipio
Firgas,2018,Distribución de la renta P80/P20,2.5,municipio
Tazacorte,2023,Distribución de la renta P80/P20,2.5,municipio
Vilaflor de Chasna,2019,Distribución de la renta P80/P20,2.5,municipio
Vilaflor de Chasna,2022,Distribución de la renta P80/P20,2.5,municipio
Vilaflor de Chasna,2023,Distribución de la renta P80/P20,2.5,municipio
Santa Lucía de Tirajana,2017,Distribución de la renta P80/P20,2.5,municipio
Santa Lucía de Tirajana,2018,Distribución de la renta P80/P20,2.5,municipio
Santa Lucía de Tirajana,2019,Distribución de la renta P80/P20,2.5,municipio
Santa María de Guía de Gran Canaria,2017,Distribución de la renta P80/P20,2.5,municipio
Santa María de Guía de Gran Canaria,2022,Distribución de la renta P80/P20,2.5,municipio
Santa María de Guía de Gran Canaria,2023,Distribución de la renta P80/P20,2.5,municipio
Artenara,2018,Distribución de la renta P80/P20,2.5,municipio
Arucas,2021,Distribución de la renta P80/P20,2.5,municipio
Arucas,2022,Distribución de la renta P80/P20,2.5,municipio
Arucas,2023,Distribución de la renta P80/P20,2.5,municipio
Artenara,2017,Distribución de la renta P80/P20,2.5,municipio
La Guancha,2015,Distribución de la renta P80/P20,2.5,municipio
La Matanza de Acentejo,2022,Distribución de la renta P80/P20,2.5,municipio
Tazacorte,2015,Distribución de la renta P80/P20,2.5,municipio
San Sebastián de La Gomera,2021,Distribución de la renta P80/P20,2.5,municipio
San Sebastián de La Gomera,2022,Distribución de la renta P80/P20,2.5,municipio
Telde,2019,Distribución de la renta P80/P20,2.5,municipio
Telde,2020,Distribución de la renta P80/P20,2.5,municipio
Telde,2021,Distribución de la renta P80/P20,2.5,municipio
Telde,2022,Distribución de la renta P80/P20,2.5,municipio
Telde,2023,Distribución de la renta P80/P20,2.5,municipio
Tazacorte,2017,Distribución de la renta P80/P20,2.5,municipio
Tazacorte,2020,Distribución de la renta P80/P20,2.5,municipio
Teguise,2022,Distribución de la renta P80/P20,2.5,municipio
Hermigua,2016,Distribución de la renta P80/P20,2.5,municipio
Hermigua,2020,Distribución de la renta P80/P20,2.5,municipio
Teror,2022,Distribución de la renta P80/P20,2.5,municipio
Los Realejos,2016,Distribución de la renta P80/P20,2.5,municipio
San Bartolomé,2019,Distribución de la renta P80/P20,2.5,municipio
San Bartolomé,2021,Distribución de la renta P80/P20,2.5,municipio
El Tanque,2016,Distribución de la renta P80/P20,2.5,municipio
La Orotava,2017,Distribución de la renta P80/P20,2.5,municipio
La Orotava,2018,Distribución de la renta P80/P20,2.5,municipio
Tijarafe,2021,Distribución de la renta P80/P20,2.5,municipio
Valsequillo de Gran Canaria,2018,Distribución de la renta P80/P20,2.5,municipio
Valsequillo de Gran Canaria,2020,Distribución de la renta P80/P20,2.5,municipio
La Matanza de Acentejo,2017,Distribución de la renta P80/P20,2.5,municipio
Valleseco,2021,Distribución de la renta P80/P20,2.5,municipio
Hermigua,2021,Distribución de la renta P80/P20,2.5,municipio
Hermigua,2022,Distribución de la renta P80/P20,2.5,municipio
Fuencaliente de La Palma,2017,Distribución de la renta P80/P20,2.5,municipio
Fuencaliente de La Palma,2020,Distribución de la renta P80/P20,2.5,municipio
San Juan de la Rambla,2018,Distribución de la renta P80/P20,2.5,municipio
San Juan de la Rambla,2020,Distribución de la renta P80/P20,2.5,municipio
Agaete,2020,Distribución de la renta P80/P20,2.5,municipio
Alajeró,2016,Distribución de la renta P80/P20,2.5,municipio
Vega de San Mateo,2021,Distribución de la renta P80/P20,2.5,municipio
La Gomera,2018,Distribución de la renta P80/P20,2.5,isla
Villa de Mazo,2020,Distribución de la renta P80/P20,2.5,municipio
Villa de Mazo,2021,Distribución de la renta P80/P20,2.5,municipio
Lanzarote,2018,Distribución de la renta P80/P20,2.5,isla
La Orotava,2022,Distribución de la renta P80/P20,2.5,municipio
Frontera,2020,Distribución de la renta P80/P20,2.6,municipio
Arrecife,2021,Distribución de la renta P80/P20,2.6,municipio
Las Palmas,2022,Distribución de la renta P80/P20,2.6,provincia
Las Palmas,2023,Distribución de la renta P80/P20,2.6,provincia
Agüimes,2017,Distribución de la renta P80/P20,2.6,municipio
Arafo,2021,Distribución de la renta P80/P20,2.6,municipio
Arrecife,2017,Distribución de la renta P80/P20,2.6,municipio
Agaete,2015,Distribución de la renta P80/P20,2.6,municipio
Fuencaliente de La Palma,2019,Distribución de la renta P80/P20,2.6,municipio
San Juan de la Rambla,2021,Distribución de la renta P80/P20,2.6,municipio
Arico,2023,Distribución de la renta P80/P20,2.6,municipio
Arico,2022,Distribución de la renta P80/P20,2.6,municipio
Garachico,2015,Distribución de la renta P80/P20,2.6,municipio
Garachico,2016,Distribución de la renta P80/P20,2.6,municipio
El Sauzal,2023,Distribución de la renta P80/P20,2.6,municipio
Granadilla de Abona,2018,Distribución de la renta P80/P20,2.6,municipio
La Orotava,2020,Distribución de la renta P80/P20,2.6,municipio
La Orotava,2019,Distribución de la renta P80/P20,2.6,municipio
Artenara,2015,Distribución de la renta P80/P20,2.6,municipio
Haría,2022,Distribución de la renta P80/P20,2.6,municipio
Arucas,2020,Distribución de la renta P80/P20,2.6,municipio
Arucas,2019,Distribución de la renta P80/P20,2.6,municipio
Arucas,2018,Distribución de la renta P80/P20,2.6,municipio
Fuencaliente de La Palma,2023,Distribución de la renta P80/P20,2.6,municipio
La Gomera,2021,Distribución de la renta P80/P20,2.6,isla
Agüimes,2015,Distribución de la renta P80/P20,2.6,municipio
Gran Canaria,2023,Distribución de la renta P80/P20,2.6,isla
Agaete,2021,Distribución de la renta P80/P20,2.6,municipio
La Gomera,2023,Distribución de la renta P80/P20,2.6,isla
La Gomera,2022,Distribución de la renta P80/P20,2.6,isla
La Gomera,2020,Distribución de la renta P80/P20,2.6,isla
Moya,2022,Distribución de la renta P80/P20,2.6,municipio
San Bartolomé,2018,Distribución de la renta P80/P20,2.6,municipio
San Bartolomé,2020,Distribución de la renta P80/P20,2.6,municipio
Tijarafe,2019,Distribución de la renta P80/P20,2.6,municipio
Valsequillo de Gran Canaria,2017,Distribución de la renta P80/P20,2.6,municipio
Fasnia,2022,Distribución de la renta P80/P20,2.6,municipio
Fasnia,2021,Distribución de la renta P80/P20,2.6,municipio
Valsequillo de Gran Canaria,2022,Distribución de la renta P80/P20,2.6,municipio
Valsequillo de Gran Canaria,2021,Distribución de la renta P80/P20,2.6,municipio
Gáldar,2016,Distribución de la renta P80/P20,2.6,municipio
Mogán,2017,Distribución de la renta P80/P20,2.6,municipio
El Paso,2023,Distribución de la renta P80/P20,2.6,municipio
El Paso,2021,Distribución de la renta P80/P20,2.6,municipio
Mogán,2023,Distribución de la renta P80/P20,2.6,municipio
Puerto del Rosario,2023,Distribución de la renta P80/P20,2.6,municipio
Fasnia,2016,Distribución de la renta P80/P20,2.6,municipio
San Bartolomé,2017,Distribución de la renta P80/P20,2.6,municipio
Haría,2018,Distribución de la renta P80/P20,2.6,municipio
Haría,2020,Distribución de la renta P80/P20,2.6,municipio
La Matanza de Acentejo,2020,Distribución de la renta P80/P20,2.6,municipio
La Matanza de Acentejo,2019,Distribución de la renta P80/P20,2.6,municipio
Fuencaliente de La Palma,2022,Distribución de la renta P80/P20,2.6,municipio
Firgas,2017,Distribución de la renta P80/P20,2.6,municipio
Pájara,2021,Distribución de la renta P80/P20,2.6,municipio
Puerto del Rosario,2018,Distribución de la renta P80/P20,2.6,municipio
Vega de San Mateo,2022,Distribución de la renta P80/P20,2.6,municipio
Santiago del Teide,2021,Distribución de la renta P80/P20,2.6,municipio
Santiago del Teide,2019,Distribución de la renta P80/P20,2.6,municipio
Vega de San Mateo,2019,Distribución de la renta P80/P20,2.6,municipio
Vega de San Mateo,2020,Distribución de la renta P80/P20,2.6,municipio
Hermigua,2023,Distribución de la renta P80/P20,2.6,municipio
Valleseco,2018,Distribución de la renta P80/P20,2.6,municipio
Valleseco,2016,Distribución de la renta P80/P20,2.6,municipio
Mogán,2020,Distribución de la renta P80/P20,2.6,municipio
Mogán,2022,Distribución de la renta P80/P20,2.6,municipio
Mogán,2019,Distribución de la renta P80/P20,2.6,municipio
Betancuria,2020,Distribución de la renta P80/P20,2.6,municipio
Betancuria,2021,Distribución de la renta P80/P20,2.6,municipio
Santa Lucía de Tirajana,2020,Distribución de la renta P80/P20,2.6,municipio
Tejeda,2023,Distribución de la renta P80/P20,2.6,municipio
Santa Lucía de Tirajana,2015,Distribución de la renta P80/P20,2.6,municipio
Santa María de Guía de Gran Canaria,2016,Distribución de la renta P80/P20,2.6,municipio
Santa Lucía de Tirajana,2016,Distribución de la renta P80/P20,2.6,municipio
Vilaflor de Chasna,2015,Distribución de la renta P80/P20,2.6,municipio
Tegueste,2021,Distribución de la renta P80/P20,2.6,municipio
Arico,2019,Distribución de la renta P80/P20,2.6,municipio
Vilaflor de Chasna,2020,Distribución de la renta P80/P20,2.6,municipio
Yaiza,2016,Distribución de la renta P80/P20,2.6,municipio
Fuerteventura,2023,Distribución de la renta P80/P20,2.6,isla
Canarias,2023,Distribución de la renta P80/P20,2.6,isla
Vallehermoso,2018,Distribución de la renta P80/P20,2.6,municipio
Fuerteventura,2017,Distribución de la renta P80/P20,2.6,isla
San Andrés y Sauces,2017,Distribución de la renta P80/P20,2.6,municipio
San Andrés y Sauces,2020,Distribución de la renta P80/P20,2.6,municipio
Fuerteventura,2022,Distribución de la renta P80/P20,2.6,isla
La Victoria de Acentejo,2018,Distribución de la renta P80/P20,2.6,municipio
La Victoria de Acentejo,2016,Distribución de la renta P80/P20,2.6,municipio
Icod de los Vinos,2015,Distribución de la renta P80/P20,2.6,municipio
San Miguel de Abona,2023,Distribución de la renta P80/P20,2.6,municipio
Lanzarote,2019,Distribución de la renta P80/P20,2.6,isla
San Miguel de Abona,2022,Distribución de la renta P80/P20,2.6,municipio
Yaiza,2017,Distribución de la renta P80/P20,2.6,municipio
San Andrés y Sauces,2015,Distribución de la renta P80/P20,2.6,municipio
San Bartolomé de Tirajana,2022,Distribución de la renta P80/P20,2.6,municipio
Vilaflor de Chasna,2016,Distribución de la renta P80/P20,2.6,municipio
Tejeda,2019,Distribución de la renta P80/P20,2.6,municipio
Betancuria,2015,Distribución de la renta P80/P20,2.6,municipio
Betancuria,2018,Distribución de la renta P80/P20,2.6,municipio
San Bartolomé de Tirajana,2023,Distribución de la renta P80/P20,2.6,municipio
Breña Alta,2021,Distribución de la renta P80/P20,2.6,municipio
Tacoronte,2023,Distribución de la renta P80/P20,2.6,municipio
Teror,2021,Distribución de la renta P80/P20,2.6,municipio
Tazacorte,2016,Distribución de la renta P80/P20,2.6,municipio
Barlovento,2015,Distribución de la renta P80/P20,2.6,municipio
Barlovento,2019,Distribución de la renta P80/P20,2.6,municipio
Tejeda,2020,Distribución de la renta P80/P20,2.6,municipio
Tejeda,2021,Distribución de la renta P80/P20,2.6,municipio
Tazacorte,2018,Distribución de la renta P80/P20,2.6,municipio
Tegueste,2019,Distribución de la renta P80/P20,2.6,municipio
Arico,2017,Distribución de la renta P80/P20,2.6,municipio
Santa María de Guía de Gran Canaria,2021,Distribución de la renta P80/P20,2.6,municipio
Icod de los Vinos,2018,Distribución de la renta P80/P20,2.6,municipio
Teguise,2021,Distribución de la renta P80/P20,2.6,municipio
Teguise,2020,Distribución de la renta P80/P20,2.6,municipio
San Sebastián de La Gomera,2018,Distribución de la renta P80/P20,2.6,municipio
Teror,2019,Distribución de la renta P80/P20,2.6,municipio
Moya,2018,Distribución de la renta P80/P20,2.6,municipio
Granadilla de Abona,2017,Distribución de la renta P80/P20,2.7,municipio
Villa de Mazo,2019,Distribución de la renta P80/P20,2.7,municipio
Arafo,2019,Distribución de la renta P80/P20,2.7,municipio
La Gomera,2016,Distribución de la renta P80/P20,2.7,isla
La Gomera,2017,Distribución de la renta P80/P20,2.7,isla
Villa de Mazo,2022,Distribución de la renta P80/P20,2.7,municipio
Agaete,2019,Distribución de la renta P80/P20,2.7,municipio
Santa Cruz de Tenerife,2023,Distribución de la renta P80/P20,2.7,municipio
La Orotava,2016,Distribución de la renta P80/P20,2.7,municipio
Artenara,2021,Distribución de la renta P80/P20,2.7,municipio
San Sebastián de La Gomera,2015,Distribución de la renta P80/P20,2.7,municipio
Telde,2018,Distribución de la renta P80/P20,2.7,municipio
Breña Alta,2022,Distribución de la renta P80/P20,2.7,municipio
Güímar,2021,Distribución de la renta P80/P20,2.7,municipio
Güímar,2018,Distribución de la renta P80/P20,2.7,municipio
Güímar,2020,Distribución de la renta P80/P20,2.7,municipio
El Paso,2020,Distribución de la renta P80/P20,2.7,municipio
El Paso,2022,Distribución de la renta P80/P20,2.7,municipio
Mogán,2021,Distribución de la renta P80/P20,2.7,municipio
Haría,2017,Distribución de la renta P80/P20,2.7,municipio
Haría,2016,Distribución de la renta P80/P20,2.7,municipio
Haría,2015,Distribución de la renta P80/P20,2.7,municipio
Valsequillo de Gran Canaria,2016,Distribución de la renta P80/P20,2.7,municipio
Mogán,2018,Distribución de la renta P80/P20,2.7,municipio
Fasnia,2023,Distribución de la renta P80/P20,2.7,municipio
Fasnia,2017,Distribución de la renta P80/P20,2.7,municipio
Santiago del Teide,2022,Distribución de la renta P80/P20,2.7,municipio
Artenara,2016,Distribución de la renta P80/P20,2.7,municipio
Haría,2019,Distribución de la renta P80/P20,2.7,municipio
Los Llanos de Aridane,2021,Distribución de la renta P80/P20,2.7,municipio
Vega de San Mateo,2018,Distribución de la renta P80/P20,2.7,municipio
Valleseco,2017,Distribución de la renta P80/P20,2.7,municipio
Valsequillo de Gran Canaria,2015,Distribución de la renta P80/P20,2.7,municipio
Puerto del Rosario,2017,Distribución de la renta P80/P20,2.7,municipio
Puerto del Rosario,2022,Distribución de la renta P80/P20,2.7,municipio
Santiago del Teide,2023,Distribución de la renta P80/P20,2.7,municipio
Firgas,2015,Distribución de la renta P80/P20,2.7,municipio
La Matanza de Acentejo,2018,Distribución de la renta P80/P20,2.7,municipio
Santa Cruz de Tenerife,2022,Distribución de la renta P80/P20,2.7,municipio
Tenerife,2023,Distribución de la renta P80/P20,2.7,isla
Arucas,2017,Distribución de la renta P80/P20,2.7,municipio
Arrecife,2020,Distribución de la renta P80/P20,2.7,municipio
La Gomera,2015,Distribución de la renta P80/P20,2.7,isla
Arafo,2018,Distribución de la renta P80/P20,2.7,municipio
Fuencaliente de La Palma,2018,Distribución de la renta P80/P20,2.7,municipio
San Juan de la Rambla,2017,Distribución de la renta P80/P20,2.7,municipio
Granadilla de Abona,2019,Distribución de la renta P80/P20,2.7,municipio
Fuencaliente de La Palma,2015,Distribución de la renta P80/P20,2.7,municipio
Agulo,2019,Distribución de la renta P80/P20,2.7,municipio
Granadilla de Abona,2021,Distribución de la renta P80/P20,2.7,municipio
Agüimes,2016,Distribución de la renta P80/P20,2.7,municipio
El Pinar de El Hierro,2020,Distribución de la renta P80/P20,2.7,municipio
Las Palmas,2019,Distribución de la renta P80/P20,2.7,provincia
Agaete,2016,Distribución de la renta P80/P20,2.7,municipio
Villa de Mazo,2023,Distribución de la renta P80/P20,2.7,municipio
Agaete,2017,Distribución de la renta P80/P20,2.7,municipio
Arrecife,2015,Distribución de la renta P80/P20,2.7,municipio
La Gomera,2019,Distribución de la renta P80/P20,2.7,isla
Tenerife,2022,Distribución de la renta P80/P20,2.7,isla
Valleseco,2015,Distribución de la renta P80/P20,2.7,municipio
Gran Canaria,2022,Distribución de la renta P80/P20,2.7,isla
Tejeda,2016,Distribución de la renta P80/P20,2.7,municipio
La Palma,2021,Distribución de la renta P80/P20,2.7,isla
La Palma,2022,Distribución de la renta P80/P20,2.7,isla
La Palma,2019,Distribución de la renta P80/P20,2.7,isla
San Cristóbal de La Laguna,2023,Distribución de la renta P80/P20,2.7,municipio
San Bartolomé,2016,Distribución de la renta P80/P20,2.7,municipio
Breña Alta,2019,Distribución de la renta P80/P20,2.7,municipio
Teror,2015,Distribución de la renta P80/P20,2.7,municipio
Teror,2018,Distribución de la renta P80/P20,2.7,municipio
San Sebastián de La Gomera,2017,Distribución de la renta P80/P20,2.7,municipio
Teror,2020,Distribución de la renta P80/P20,2.7,municipio
Barlovento,2020,Distribución de la renta P80/P20,2.7,municipio
Breña Alta,2018,Distribución de la renta P80/P20,2.7,municipio
Güímar,2017,Distribución de la renta P80/P20,2.7,municipio
Candelaria,2021,Distribución de la renta P80/P20,2.7,municipio
Candelaria,2022,Distribución de la renta P80/P20,2.7,municipio
Santiago del Teide,2017,Distribución de la renta P80/P20,2.7,municipio
Arico,2018,Distribución de la renta P80/P20,2.7,municipio
Arico,2015,Distribución de la renta P80/P20,2.7,municipio
Tegueste,2020,Distribución de la renta P80/P20,2.7,municipio
Tegueste,2018,Distribución de la renta P80/P20,2.7,municipio
Puntallana,2017,Distribución de la renta P80/P20,2.7,municipio
Arico,2021,Distribución de la renta P80/P20,2.7,municipio
Betancuria,2016,Distribución de la renta P80/P20,2.7,municipio
Puntallana,2015,Distribución de la renta P80/P20,2.7,municipio
Puntallana,2019,Distribución de la renta P80/P20,2.7,municipio
San Sebastián de La Gomera,2019,Distribución de la renta P80/P20,2.7,municipio
San Sebastián de La Gomera,2020,Distribución de la renta P80/P20,2.7,municipio
Moya,2017,Distribución de la renta P80/P20,2.7,municipio
Teguise,2019,Distribución de la renta P80/P20,2.7,municipio
Santa Úrsula,2021,Distribución de la renta P80/P20,2.7,municipio
San Andrés y Sauces,2023,Distribución de la renta P80/P20,2.7,municipio
Yaiza,2021,Distribución de la renta P80/P20,2.7,municipio
Fuerteventura,2018,Distribución de la renta P80/P20,2.7,isla
Vilaflor de Chasna,2017,Distribución de la renta P80/P20,2.7,municipio
San Andrés y Sauces,2022,Distribución de la renta P80/P20,2.7,municipio
Valle Gran Rey,2019,Distribución de la renta P80/P20,2.7,municipio
Lanzarote,2016,Distribución de la renta P80/P20,2.7,isla
Yaiza,2020,Distribución de la renta P80/P20,2.7,municipio
Yaiza,2018,Distribución de la renta P80/P20,2.7,municipio
Arafo,2020,Distribución de la renta P80/P20,2.7,municipio
Lanzarote,2017,Distribución de la renta P80/P20,2.7,isla
San Miguel de Abona,2019,Distribución de la renta P80/P20,2.7,municipio
San Miguel de Abona,2021,Distribución de la renta P80/P20,2.7,municipio
San Andrés y Sauces,2016,Distribución de la renta P80/P20,2.7,municipio
Lanzarote,2020,Distribución de la renta P80/P20,2.7,isla
Lanzarote,2021,Distribución de la renta P80/P20,2.7,isla
Canarias,2018,Distribución de la renta P80/P20,2.7,isla
Canarias,2020,Distribución de la renta P80/P20,2.8,isla
Canarias,2021,Distribución de la renta P80/P20,2.8,isla
Canarias,2022,Distribución de la renta P80/P20,2.8,isla
San Miguel de Abona,2017,Distribución de la renta P80/P20,2.8,municipio
Las Palmas,2018,Distribución de la renta P80/P20,2.8,provincia
Santa Cruz de La Palma,2022,Distribución de la renta P80/P20,2.8,municipio
Santa Cruz de La Palma,2023,Distribución de la renta P80/P20,2.8,municipio
Frontera,2017,Distribución de la renta P80/P20,2.8,municipio
Santa Cruz de La Palma,2019,Distribución de la renta P80/P20,2.8,municipio
Fuerteventura,2021,Distribución de la renta P80/P20,2.8,isla
El Rosario,2019,Distribución de la renta P80/P20,2.8,municipio
El Rosario,2020,Distribución de la renta P80/P20,2.8,municipio
Santa Úrsula,2022,Distribución de la renta P80/P20,2.8,municipio
San Andrés y Sauces,2021,Distribución de la renta P80/P20,2.8,municipio
Arona,2021,Distribución de la renta P80/P20,2.8,municipio
Arona,2023,Distribución de la renta P80/P20,2.8,municipio
Güímar,2015,Distribución de la renta P80/P20,2.8,municipio
Icod de los Vinos,2016,Distribución de la renta P80/P20,2.8,municipio
Valle Gran Rey,2017,Distribución de la renta P80/P20,2.8,municipio
San Bartolomé de Tirajana,2021,Distribución de la renta P80/P20,2.8,municipio
San Bartolomé de Tirajana,2017,Distribución de la renta P80/P20,2.8,municipio
Candelaria,2019,Distribución de la renta P80/P20,2.8,municipio
San Bartolomé de Tirajana,2019,Distribución de la renta P80/P20,2.8,municipio
La Palma,2020,Distribución de la renta P80/P20,2.8,isla
Tijarafe,2023,Distribución de la renta P80/P20,2.8,municipio
Puntallana,2020,Distribución de la renta P80/P20,2.8,municipio
Moya,2015,Distribución de la renta P80/P20,2.8,municipio
Tejeda,2017,Distribución de la renta P80/P20,2.8,municipio
Tejeda,2018,Distribución de la renta P80/P20,2.8,municipio
Puntallana,2016,Distribución de la renta P80/P20,2.8,municipio
Arico,2020,Distribución de la renta P80/P20,2.8,municipio
Santa María de Guía de Gran Canaria,2015,Distribución de la renta P80/P20,2.8,municipio
Barlovento,2023,Distribución de la renta P80/P20,2.8,municipio
Teguise,2018,Distribución de la renta P80/P20,2.8,municipio
Teguise,2017,Distribución de la renta P80/P20,2.8,municipio
Tías,2023,Distribución de la renta P80/P20,2.8,municipio
La Palma,2017,Distribución de la renta P80/P20,2.8,isla
Los Realejos,2015,Distribución de la renta P80/P20,2.8,municipio
Breña Baja,2021,Distribución de la renta P80/P20,2.8,municipio
Barlovento,2016,Distribución de la renta P80/P20,2.8,municipio
San Sebastián de La Gomera,2016,Distribución de la renta P80/P20,2.8,municipio
Telde,2017,Distribución de la renta P80/P20,2.8,municipio
El Paso,2018,Distribución de la renta P80/P20,2.8,municipio
El Rosario,2023,Distribución de la renta P80/P20,2.8,municipio
Teror,2016,Distribución de la renta P80/P20,2.8,municipio
Breña Baja,2019,Distribución de la renta P80/P20,2.8,municipio
Hermigua,2015,Distribución de la renta P80/P20,2.8,municipio
Breña Alta,2023,Distribución de la renta P80/P20,2.8,municipio
Tías,2019,Distribución de la renta P80/P20,2.8,municipio
Breña Alta,2020,Distribución de la renta P80/P20,2.8,municipio
Arucas,2015,Distribución de la renta P80/P20,2.8,municipio
El Rosario,2022,Distribución de la renta P80/P20,2.8,municipio
Puerto del Rosario,2019,Distribución de la renta P80/P20,2.8,municipio
Los Llanos de Aridane,2022,Distribución de la renta P80/P20,2.8,municipio
Santiago del Teide,2020,Distribución de la renta P80/P20,2.8,municipio
Haría,2021,Distribución de la renta P80/P20,2.8,municipio
Puerto del Rosario,2021,Distribución de la renta P80/P20,2.8,municipio
Firgas,2016,Distribución de la renta P80/P20,2.8,municipio
Fasnia,2015,Distribución de la renta P80/P20,2.8,municipio
Fasnia,2019,Distribución de la renta P80/P20,2.8,municipio
Tijarafe,2022,Distribución de la renta P80/P20,2.8,municipio
Fasnia,2020,Distribución de la renta P80/P20,2.8,municipio
Santiago del Teide,2018,Distribución de la renta P80/P20,2.8,municipio
Tegueste,2017,Distribución de la renta P80/P20,2.8,municipio
Gran Canaria,2018,Distribución de la renta P80/P20,2.8,isla
Santa Úrsula,2020,Distribución de la renta P80/P20,2.8,municipio
Arafo,2017,Distribución de la renta P80/P20,2.8,municipio
San Juan de la Rambla,2016,Distribución de la renta P80/P20,2.8,municipio
San Juan de la Rambla,2015,Distribución de la renta P80/P20,2.8,municipio
Tenerife,2020,Distribución de la renta P80/P20,2.8,isla
Santa Cruz de Tenerife,2017,Distribución de la renta P80/P20,2.8,municipio
Villa de Mazo,2017,Distribución de la renta P80/P20,2.8,municipio
Adeje,2023,Distribución de la renta P80/P20,2.8,municipio
Adeje,2022,Distribución de la renta P80/P20,2.8,municipio
Gran Canaria,2020,Distribución de la renta P80/P20,2.8,isla
Tenerife,2019,Distribución de la renta P80/P20,2.8,isla
Santa Cruz de Tenerife,2019,Distribución de la renta P80/P20,2.8,municipio
Santa Cruz de Tenerife,2020,Distribución de la renta P80/P20,2.8,municipio
Gran Canaria,2021,Distribución de la renta P80/P20,2.8,isla
Gran Canaria,2019,Distribución de la renta P80/P20,2.8,isla
Los Llanos de Aridane,2019,Distribución de la renta P80/P20,2.8,municipio
Vega de San Mateo,2017,Distribución de la renta P80/P20,2.8,municipio
Frontera,2021,Distribución de la renta P80/P20,2.8,municipio
El Pinar de El Hierro,2022,Distribución de la renta P80/P20,2.8,municipio
El Hierro,2021,Distribución de la renta P80/P20,2.8,isla
El Sauzal,2022,Distribución de la renta P80/P20,2.8,municipio
Las Palmas,2021,Distribución de la renta P80/P20,2.8,provincia
Arrecife,2016,Distribución de la renta P80/P20,2.8,municipio
El Rosario,2017,Distribución de la renta P80/P20,2.9,municipio
Santa Cruz de La Palma,2021,Distribución de la renta P80/P20,2.9,municipio
Puntallana,2022,Distribución de la renta P80/P20,2.9,municipio
Breña Alta,2017,Distribución de la renta P80/P20,2.9,municipio
Arona,2019,Distribución de la renta P80/P20,2.9,municipio
Fuerteventura,2020,Distribución de la renta P80/P20,2.9,isla
Valverde,2023,Distribución de la renta P80/P20,2.9,municipio
San Miguel de Abona,2018,Distribución de la renta P80/P20,2.9,municipio
Telde,2015,Distribución de la renta P80/P20,2.9,municipio
El Paso,2017,Distribución de la renta P80/P20,2.9,municipio
Breña Baja,2023,Distribución de la renta P80/P20,2.9,municipio
Breña Baja,2022,Distribución de la renta P80/P20,2.9,municipio
Barlovento,2022,Distribución de la renta P80/P20,2.9,municipio
Barlovento,2018,Distribución de la renta P80/P20,2.9,municipio
Teguise,2015,Distribución de la renta P80/P20,2.9,municipio
Tejeda,2022,Distribución de la renta P80/P20,2.9,municipio
Tacoronte,2022,Distribución de la renta P80/P20,2.9,municipio
San Cristóbal de La Laguna,2022,Distribución de la renta P80/P20,2.9,municipio
La Palma,2023,Distribución de la renta P80/P20,2.9,isla
Las Palmas de Gran Canaria,2023,Distribución de la renta P80/P20,2.9,municipio
La Palma,2018,Distribución de la renta P80/P20,2.9,isla
Tacoronte,2021,Distribución de la renta P80/P20,2.9,municipio
San Bartolomé,2015,Distribución de la renta P80/P20,2.9,municipio
Teguise,2016,Distribución de la renta P80/P20,2.9,municipio
Breña Baja,2020,Distribución de la renta P80/P20,2.9,municipio
Teror,2017,Distribución de la renta P80/P20,2.9,municipio
Candelaria,2020,Distribución de la renta P80/P20,2.9,municipio
Arona,2022,Distribución de la renta P80/P20,2.9,municipio
Valle Gran Rey,2023,Distribución de la renta P80/P20,2.9,municipio
San Bartolomé de Tirajana,2020,Distribución de la renta P80/P20,2.9,municipio
Arona,2017,Distribución de la renta P80/P20,2.9,municipio
Valverde,2021,Distribución de la renta P80/P20,2.9,municipio
Canarias,2017,Distribución de la renta P80/P20,2.9,isla
Yaiza,2015,Distribución de la renta P80/P20,2.9,municipio
Santa Cruz de La Palma,2020,Distribución de la renta P80/P20,2.9,municipio
Valverde,2020,Distribución de la renta P80/P20,2.9,municipio
Valverde,2022,Distribución de la renta P80/P20,2.9,municipio
Canarias,2019,Distribución de la renta P80/P20,2.9,isla
San Miguel de Abona,2020,Distribución de la renta P80/P20,2.9,municipio
Frontera,2023,Distribución de la renta P80/P20,2.9,municipio
El Pinar de El Hierro,2023,Distribución de la renta P80/P20,2.9,municipio
Frontera,2019,Distribución de la renta P80/P20,2.9,municipio
El Hierro,2019,Distribución de la renta P80/P20,2.9,isla
El Sauzal,2018,Distribución de la renta P80/P20,2.9,municipio
El Hierro,2017,Distribución de la renta P80/P20,2.9,isla
Las Palmas,2020,Distribución de la renta P80/P20,2.9,provincia
Santa Úrsula,2017,Distribución de la renta P80/P20,2.9,municipio
Santa Úrsula,2019,Distribución de la renta P80/P20,2.9,municipio
El Pinar de El Hierro,2017,Distribución de la renta P80/P20,2.9,municipio
Santa Cruz de Tenerife,2021,Distribución de la renta P80/P20,2.9,municipio
Los Llanos de Aridane,2023,Distribución de la renta P80/P20,2.9,municipio
El Rosario,2021,Distribución de la renta P80/P20,2.9,municipio
Puerto del Rosario,2015,Distribución de la renta P80/P20,2.9,municipio
Puerto de la Cruz,2021,Distribución de la renta P80/P20,2.9,municipio
Puerto de la Cruz,2022,Distribución de la renta P80/P20,2.9,municipio
Tenerife,2021,Distribución de la renta P80/P20,2.9,isla
El Sauzal,2020,Distribución de la renta P80/P20,2.9,municipio
Puerto de la Cruz,2018,Distribución de la renta P80/P20,2.9,municipio
El Sauzal,2019,Distribución de la renta P80/P20,2.9,municipio
El Sauzal,2021,Distribución de la renta P80/P20,2.9,municipio
Villa de Mazo,2018,Distribución de la renta P80/P20,2.9,municipio
Breña Baja,2018,Distribución de la renta P80/P20,2.9,municipio
Arucas,2016,Distribución de la renta P80/P20,2.9,municipio
Granadilla de Abona,2015,Distribución de la renta P80/P20,2.9,municipio
Granadilla de Abona,2016,Distribución de la renta P80/P20,2.9,municipio
La Matanza de Acentejo,2015,Distribución de la renta P80/P20,2.9,municipio
Puerto del Rosario,2016,Distribución de la renta P80/P20,2.9,municipio
Puerto del Rosario,2020,Distribución de la renta P80/P20,2.9,municipio
Tijarafe,2017,Distribución de la renta P80/P20,2.9,municipio
Tegueste,2015,Distribución de la renta P80/P20,2.9,municipio
La Oliva,2023,Distribución de la renta P80/P20,2.9,municipio
Los Llanos de Aridane,2020,Distribución de la renta P80/P20,2.9,municipio
Los Llanos de Aridane,2017,Distribución de la renta P80/P20,2.9,municipio
Moya,2016,Distribución de la renta P80/P20,2.9,municipio
La Palma,2016,Distribución de la renta P80/P20,2.9,isla
Candelaria,2018,Distribución de la renta P80/P20,2.9,municipio
Puntallana,2021,Distribución de la renta P80/P20,2.9,municipio
Vega de San Mateo,2015,Distribución de la renta P80/P20,2.9,municipio
Puerto de la Cruz,2023,Distribución de la renta P80/P20,2.9,municipio
Las Palmas,2017,Distribución de la renta P80/P20,3.0,provincia
San Miguel de Abona,2015,Distribución de la renta P80/P20,3.0,municipio
Candelaria,2017,Distribución de la renta P80/P20,3.0,municipio
Arico,2016,Distribución de la renta P80/P20,3.0,municipio
Tías,2018,Distribución de la renta P80/P20,3.0,municipio
Tías,2022,Distribución de la renta P80/P20,3.0,municipio
Frontera,2022,Distribución de la renta P80/P20,3.0,municipio
Frontera,2018,Distribución de la renta P80/P20,3.0,municipio
Santa Brígida,2021,Distribución de la renta P80/P20,3.0,municipio
Lanzarote,2015,Distribución de la renta P80/P20,3.0,isla
Antigua,2023,Distribución de la renta P80/P20,3.0,municipio
Fuerteventura,2015,Distribución de la renta P80/P20,3.0,isla
Fuerteventura,2016,Distribución de la renta P80/P20,3.0,isla
Valle Gran Rey,2018,Distribución de la renta P80/P20,3.0,municipio
Arona,2020,Distribución de la renta P80/P20,3.0,municipio
Valle Gran Rey,2022,Distribución de la renta P80/P20,3.0,municipio
Santa Cruz de La Palma,2016,Distribución de la renta P80/P20,3.0,municipio
Puntallana,2023,Distribución de la renta P80/P20,3.0,municipio
Güímar,2016,Distribución de la renta P80/P20,3.0,municipio
Arona,2018,Distribución de la renta P80/P20,3.0,municipio
Valle Gran Rey,2015,Distribución de la renta P80/P20,3.0,municipio
Valle Gran Rey,2016,Distribución de la renta P80/P20,3.0,municipio
San Bartolomé de Tirajana,2018,Distribución de la renta P80/P20,3.0,municipio
San Bartolomé de Tirajana,2016,Distribución de la renta P80/P20,3.0,municipio
El Paso,2019,Distribución de la renta P80/P20,3.0,municipio
Mogán,2015,Distribución de la renta P80/P20,3.0,municipio
Telde,2016,Distribución de la renta P80/P20,3.0,municipio
Mogán,2016,Distribución de la renta P80/P20,3.0,municipio
Breña Alta,2016,Distribución de la renta P80/P20,3.0,municipio
Breña Alta,2015,Distribución de la renta P80/P20,3.0,municipio
Las Palmas de Gran Canaria,2019,Distribución de la renta P80/P20,3.0,municipio
Las Palmas de Gran Canaria,2020,Distribución de la renta P80/P20,3.0,municipio
Santa Cruz de La Palma,2018,Distribución de la renta P80/P20,3.0,municipio
San Cristóbal de La Laguna,2021,Distribución de la renta P80/P20,3.0,municipio
Tijarafe,2020,Distribución de la renta P80/P20,3.0,municipio
La Oliva,2018,Distribución de la renta P80/P20,3.0,municipio
La Oliva,2022,Distribución de la renta P80/P20,3.0,municipio
Tacoronte,2019,Distribución de la renta P80/P20,3.0,municipio
Tacoronte,2017,Distribución de la renta P80/P20,3.0,municipio
Tijarafe,2016,Distribución de la renta P80/P20,3.0,municipio
Tenerife,2018,Distribución de la renta P80/P20,3.0,isla
Santa Cruz de Tenerife,2018,Distribución de la renta P80/P20,3.0,municipio
Vega de San Mateo,2016,Distribución de la renta P80/P20,3.0,municipio
La Orotava,2015,Distribución de la renta P80/P20,3.0,municipio
Los Llanos de Aridane,2018,Distribución de la renta P80/P20,3.0,municipio
La Matanza de Acentejo,2016,Distribución de la renta P80/P20,3.0,municipio
Tegueste,2016,Distribución de la renta P80/P20,3.0,municipio
El Paso,2015,Distribución de la renta P80/P20,3.0,municipio
Tacoronte,2020,Distribución de la renta P80/P20,3.0,municipio
Adeje,2018,Distribución de la renta P80/P20,3.0,municipio
El Hierro,2020,Distribución de la renta P80/P20,3.0,isla
El Hierro,2018,Distribución de la renta P80/P20,3.0,isla
El Hierro,2015,Distribución de la renta P80/P20,3.0,isla
Gran Canaria,2017,Distribución de la renta P80/P20,3.0,isla
Santa Úrsula,2018,Distribución de la renta P80/P20,3.0,municipio
Adeje,2021,Distribución de la renta P80/P20,3.0,municipio
Canarias,2015,Distribución de la renta P80/P20,3.0,isla
El Hierro,2022,Distribución de la renta P80/P20,3.0,isla
El Hierro,2023,Distribución de la renta P80/P20,3.0,isla
El Pinar de El Hierro,2021,Distribución de la renta P80/P20,3.0,municipio
Canarias,2016,Distribución de la renta P80/P20,3.1,isla
Frontera,2015,Distribución de la renta P80/P20,3.1,municipio
El Pinar de El Hierro,2015,Distribución de la renta P80/P20,3.1,municipio
El Pinar de El Hierro,2018,Distribución de la renta P80/P20,3.1,municipio
El Pinar de El Hierro,2019,Distribución de la renta P80/P20,3.1,municipio
Tenerife,2017,Distribución de la renta P80/P20,3.1,isla
San Cristóbal de La Laguna,2020,Distribución de la renta P80/P20,3.1,municipio
San Cristóbal de La Laguna,2019,Distribución de la renta P80/P20,3.1,municipio
Tías,2017,Distribución de la renta P80/P20,3.1,municipio
El Rosario,2018,Distribución de la renta P80/P20,3.1,municipio
Santiago del Teide,2015,Distribución de la renta P80/P20,3.1,municipio
Santiago del Teide,2016,Distribución de la renta P80/P20,3.1,municipio
Tejeda,2015,Distribución de la renta P80/P20,3.1,municipio
San Cristóbal de La Laguna,2017,Distribución de la renta P80/P20,3.1,municipio
Santa Cruz de La Palma,2017,Distribución de la renta P80/P20,3.1,municipio
Antigua,2022,Distribución de la renta P80/P20,3.1,municipio
Puntagorda,2021,Distribución de la renta P80/P20,3.1,municipio
Valle Gran Rey,2020,Distribución de la renta P80/P20,3.1,municipio
El Rosario,2016,Distribución de la renta P80/P20,3.1,municipio
Puerto de la Cruz,2020,Distribución de la renta P80/P20,3.1,municipio
Breña Baja,2015,Distribución de la renta P80/P20,3.1,municipio
Breña Baja,2017,Distribución de la renta P80/P20,3.1,municipio
Candelaria,2015,Distribución de la renta P80/P20,3.1,municipio
Los Llanos de Aridane,2016,Distribución de la renta P80/P20,3.1,municipio
Valle Gran Rey,2021,Distribución de la renta P80/P20,3.1,municipio
Santa Brígida,2019,Distribución de la renta P80/P20,3.1,municipio
Santa Brígida,2022,Distribución de la renta P80/P20,3.1,municipio
Santa Brígida,2020,Distribución de la renta P80/P20,3.1,municipio
El Paso,2016,Distribución de la renta P80/P20,3.1,municipio
Tacoronte,2018,Distribución de la renta P80/P20,3.1,municipio
La Oliva,2019,Distribución de la renta P80/P20,3.1,municipio
Puntagorda,2023,Distribución de la renta P80/P20,3.1,municipio
Santa Brígida,2023,Distribución de la renta P80/P20,3.1,municipio
Puerto de la Cruz,2017,Distribución de la renta P80/P20,3.1,municipio
Gran Canaria,2015,Distribución de la renta P80/P20,3.1,isla
Puerto de la Cruz,2019,Distribución de la renta P80/P20,3.1,municipio
Las Palmas de Gran Canaria,2022,Distribución de la renta P80/P20,3.1,municipio
El Sauzal,2017,Distribución de la renta P80/P20,3.1,municipio
Valverde,2015,Distribución de la renta P80/P20,3.1,municipio
Las Palmas,2015,Distribución de la renta P80/P20,3.1,provincia
Arafo,2015,Distribución de la renta P80/P20,3.1,municipio
Arafo,2016,Distribución de la renta P80/P20,3.1,municipio
Adeje,2020,Distribución de la renta P80/P20,3.1,municipio
Las Palmas,2016,Distribución de la renta P80/P20,3.1,provincia
Adeje,2019,Distribución de la renta P80/P20,3.1,municipio
La Palma,2015,Distribución de la renta P80/P20,3.1,isla
La Oliva,2021,Distribución de la renta P80/P20,3.2,municipio
Gran Canaria,2016,Distribución de la renta P80/P20,3.2,isla
Candelaria,2016,Distribución de la renta P80/P20,3.2,municipio
San Bartolomé de Tirajana,2015,Distribución de la renta P80/P20,3.2,municipio
Garafía,2022,Distribución de la renta P80/P20,3.2,municipio
Garafía,2015,Distribución de la renta P80/P20,3.2,municipio
Breña Baja,2016,Distribución de la renta P80/P20,3.2,municipio
Santa Brígida,2018,Distribución de la renta P80/P20,3.2,municipio
La Oliva,2017,Distribución de la renta P80/P20,3.2,municipio
Tías,2021,Distribución de la renta P80/P20,3.2,municipio
Tías,2015,Distribución de la renta P80/P20,3.2,municipio
San Cristóbal de La Laguna,2018,Distribución de la renta P80/P20,3.2,municipio
Tías,2020,Distribución de la renta P80/P20,3.2,municipio
Antigua,2019,Distribución de la renta P80/P20,3.2,municipio
Tacoronte,2016,Distribución de la renta P80/P20,3.2,municipio
San Cristóbal de La Laguna,2015,Distribución de la renta P80/P20,3.2,municipio
Villa de Mazo,2015,Distribución de la renta P80/P20,3.2,municipio
El Sauzal,2015,Distribución de la renta P80/P20,3.2,municipio
Las Palmas de Gran Canaria,2021,Distribución de la renta P80/P20,3.2,municipio
Adeje,2017,Distribución de la renta P80/P20,3.2,municipio
Las Palmas de Gran Canaria,2018,Distribución de la renta P80/P20,3.2,municipio
Los Llanos de Aridane,2015,Distribución de la renta P80/P20,3.3,municipio
Garafía,2019,Distribución de la renta P80/P20,3.3,municipio
Puntagorda,2018,Distribución de la renta P80/P20,3.3,municipio
Tijarafe,2015,Distribución de la renta P80/P20,3.3,municipio
Puntagorda,2015,Distribución de la renta P80/P20,3.3,municipio
Antigua,2021,Distribución de la renta P80/P20,3.3,municipio
San Cristóbal de La Laguna,2016,Distribución de la renta P80/P20,3.3,municipio
Santa Cruz de La Palma,2015,Distribución de la renta P80/P20,3.3,municipio
El Rosario,2015,Distribución de la renta P80/P20,3.3,municipio
Las Palmas de Gran Canaria,2017,Distribución de la renta P80/P20,3.3,municipio
El Sauzal,2016,Distribución de la renta P80/P20,3.3,municipio
Valverde,2017,Distribución de la renta P80/P20,3.3,municipio
San Miguel de Abona,2016,Distribución de la renta P80/P20,3.4,municipio
Villa de Mazo,2016,Distribución de la renta P80/P20,3.4,municipio
Tenerife,2015,Distribución de la renta P80/P20,3.4,isla
Puerto de la Cruz,2016,Distribución de la renta P80/P20,3.4,municipio
Puerto de la Cruz,2015,Distribución de la renta P80/P20,3.4,municipio
Adeje,2016,Distribución de la renta P80/P20,3.4,municipio
Garafía,2021,Distribución de la renta P80/P20,3.4,municipio
La Oliva,2020,Distribución de la renta P80/P20,3.4,municipio
Santa Cruz de Tenerife,2015,Distribución de la renta P80/P20,3.4,municipio
Valverde,2018,Distribución de la renta P80/P20,3.4,municipio
Adeje,2015,Distribución de la renta P80/P20,3.4,municipio
Tenerife,2016,Distribución de la renta P80/P20,3.4,isla
Puntagorda,2020,Distribución de la renta P80/P20,3.4,municipio
Puntagorda,2019,Distribución de la renta P80/P20,3.4,municipio
Valverde,2019,Distribución de la renta P80/P20,3.4,municipio
El Pinar de El Hierro,2016,Distribución de la renta P80/P20,3.4,municipio
Santa Cruz de Tenerife,2016,Distribución de la renta P80/P20,3.4,municipio
Frontera,2016,Distribución de la renta P80/P20,3.4,municipio
Tías,2016,Distribución de la renta P80/P20,3.4,municipio
Santa Brígida,2016,Distribución de la renta P80/P20,3.5,municipio
Santa Úrsula,2015,Distribución de la renta P80/P20,3.5,municipio
Puntagorda,2016,Distribución de la renta P80/P20,3.5,municipio
Garafía,2017,Distribución de la renta P80/P20,3.5,municipio
El Hierro,2016,Distribución de la renta P80/P20,3.5,isla
Las Palmas de Gran Canaria,2015,Distribución de la renta P80/P20,3.5,municipio
Garafía,2023,Distribución de la renta P80/P20,3.5,municipio
Santa Úrsula,2016,Distribución de la renta P80/P20,3.5,municipio
Las Palmas de Gran Canaria,2016,Distribución de la renta P80/P20,3.5,municipio
Valverde,2016,Distribución de la renta P80/P20,3.5,municipio
Antigua,2018,Distribución de la renta P80/P20,3.5,municipio
Antigua,2020,Distribución de la renta P80/P20,3.5,municipio
Tijarafe,2018,Distribución de la renta P80/P20,3.5,municipio
Antigua,2015,Distribución de la renta P80/P20,3.5,municipio
Arona,2015,Distribución de la renta P80/P20,3.6,municipio
Arona,2016,Distribución de la renta P80/P20,3.6,municipio
Santa Brígida,2017,Distribución de la renta P80/P20,3.6,municipio
Tacoronte,2015,Distribución de la renta P80/P20,3.6,municipio
Garafía,2018,Distribución de la renta P80/P20,3.6,municipio
Puntagorda,2022,Distribución de la renta P80/P20,3.6,municipio
Puntagorda,2017,Distribución de la renta P80/P20,3.6,municipio
Antigua,2017,Distribución de la renta P80/P20,3.7,municipio
Antigua,2016,Distribución de la renta P80/P20,3.7,municipio
Garafía,2016,Distribución de la renta P80/P20,3.7,municipio
Garafía,2020,Distribución de la renta P80/P20,3.8,municipio
Santa Brígida,2015,Distribución de la renta P80/P20,3.8,municipio
La Oliva,2015,Distribución de la renta P80/P20,3.9,municipio
La Oliva,2016,Distribución de la renta P80/P20,3.9,municipio
Tinajo,2023,Índice de Gini,25.5,municipio
Tuineje,2018,Índice de Gini,25.8,municipio
Ingenio,2023,Índice de Gini,25.9,municipio
Tinajo,2022,Índice de Gini,26.0,municipio
El Tanque,2023,Índice de Gini,26.1,municipio
Tuineje,2017,Índice de Gini,26.1,municipio
Alajeró,2023,Índice de Gini,26.2,municipio
Tinajo,2019,Índice de Gini,26.3,municipio
Los Realejos,2023,Índice de Gini,26.3,municipio
El Tanque,2020,Índice de Gini,26.4,municipio
Guía de Isora,2023,Índice de Gini,26.4,municipio
El Tanque,2022,Índice de Gini,26.4,municipio
Pájara,2023,Índice de Gini,26.4,municipio
Alajeró,2022,Índice de Gini,26.4,municipio
Tuineje,2019,Índice de Gini,26.5,municipio
Firgas,2023,Índice de Gini,26.5,municipio
Ingenio,2022,Índice de Gini,26.6,municipio
Artenara,2023,Índice de Gini,26.6,municipio
Tinajo,2020,Índice de Gini,26.7,municipio
Tuineje,2023,Índice de Gini,26.7,municipio
Buenavista del Norte,2023,Índice de Gini,26.7,municipio
La Guancha,2022,Índice de Gini,26.8,municipio
La Guancha,2023,Índice de Gini,26.8,municipio
El Tanque,2021,Índice de Gini,26.8,municipio
Alajeró,2021,Índice de Gini,26.8,municipio
San Juan de la Rambla,2023,Índice de Gini,26.9,municipio
La Guancha,2021,Índice de Gini,26.9,municipio
Tinajo,2018,Índice de Gini,26.9,municipio
Artenara,2019,Índice de Gini,27.0,municipio
La Aldea de San Nicolás,2023,Índice de Gini,27.0,municipio
La Aldea de San Nicolás,2020,Índice de Gini,27.0,municipio
Tinajo,2021,Índice de Gini,27.1,municipio
Agüimes,2023,Índice de Gini,27.1,municipio
La Aldea de San Nicolás,2019,Índice de Gini,27.1,municipio
Garachico,2023,Índice de Gini,27.2,municipio
Los Realejos,2022,Índice de Gini,27.2,municipio
Santa Lucía de Tirajana,2023,Índice de Gini,27.3,municipio
La Guancha,2020,Índice de Gini,27.4,municipio
Ingenio,2019,Índice de Gini,27.4,municipio
Buenavista del Norte,2020,Índice de Gini,27.4,municipio
La Victoria de Acentejo,2023,Índice de Gini,27.4,municipio
Pájara,2019,Índice de Gini,27.5,municipio
El Tanque,2019,Índice de Gini,27.5,municipio
Ingenio,2021,Índice de Gini,27.5,municipio
Pájara,2018,Índice de Gini,27.5,municipio
Tuineje,2016,Índice de Gini,27.5,municipio
Gáldar,2023,Índice de Gini,27.6,municipio
Artenara,2018,Índice de Gini,27.6,municipio
La Guancha,2019,Índice de Gini,27.6,municipio
Buenavista del Norte,2022,Índice de Gini,27.6,municipio
La Aldea de San Nicolás,2021,Índice de Gini,27.6,municipio
Pájara,2022,Índice de Gini,27.7,municipio
Artenara,2020,Índice de Gini,27.7,municipio
Guía de Isora,2022,Índice de Gini,27.7,municipio
Pájara,2017,Índice de Gini,27.7,municipio
El Tanque,2015,Índice de Gini,27.7,municipio
Tinajo,2017,Índice de Gini,27.8,municipio
Santa María de Guía de Gran Canaria,2023,Índice de Gini,27.8,municipio
Buenavista del Norte,2021,Índice de Gini,27.8,municipio
Tuineje,2022,Índice de Gini,27.8,municipio
Firgas,2021,Índice de Gini,27.8,municipio
Ingenio,2020,Índice de Gini,27.8,municipio
Firgas,2022,Índice de Gini,27.8,municipio
San Bartolomé,2023,Índice de Gini,27.8,municipio
Hermigua,2019,Índice de Gini,27.8,municipio
Buenavista del Norte,2019,Índice de Gini,27.9,municipio
Agaete,2023,Índice de Gini,27.9,municipio
La Aldea de San Nicolás,2022,Índice de Gini,27.9,municipio
El Tanque,2018,Índice de Gini,27.9,municipio
Valleseco,2023,Índice de Gini,27.9,municipio
El Tanque,2017,Índice de Gini,27.9,municipio
Arucas,2023,Índice de Gini,27.9,municipio
Agüimes,2022,Índice de Gini,28.0,municipio
Ingenio,2017,Índice de Gini,28.0,municipio
La Aldea de San Nicolás,2018,Índice de Gini,28.0,municipio
Los Realejos,2019,Índice de Gini,28.0,municipio
Gáldar,2021,Índice de Gini,28.0,municipio
Los Realejos,2021,Índice de Gini,28.0,municipio
Ingenio,2018,Índice de Gini,28.0,municipio
Alajeró,2020,Índice de Gini,28.0,municipio
Gáldar,2022,Índice de Gini,28.1,municipio
Pájara,2016,Índice de Gini,28.1,municipio
Los Silos,2023,Índice de Gini,28.2,municipio
La Matanza de Acentejo,2023,Índice de Gini,28.2,municipio
Betancuria,2018,Índice de Gini,28.2,municipio
Vallehermoso,2020,Índice de Gini,28.2,municipio
Agüimes,2019,Índice de Gini,28.2,municipio
Firgas,2019,Índice de Gini,28.2,municipio
La Guancha,2017,Índice de Gini,28.2,municipio
Tuineje,2020,Índice de Gini,28.2,municipio
Alajeró,2019,Índice de Gini,28.2,municipio
Arafo,2023,Índice de Gini,28.2,municipio
Artenara,2017,Índice de Gini,28.3,municipio
Firgas,2020,Índice de Gini,28.3,municipio
Los Silos,2017,Índice de Gini,28.3,municipio
Santa María de Guía de Gran Canaria,2022,Índice de Gini,28.3,municipio
Artenara,2022,Índice de Gini,28.4,municipio
Los Realejos,2020,Índice de Gini,28.4,municipio
La Aldea de San Nicolás,2017,Índice de Gini,28.4,municipio
Santa Lucía de Tirajana,2022,Índice de Gini,28.4,municipio
Los Silos,2016,Índice de Gini,28.4,municipio
Betancuria,2023,Índice de Gini,28.4,municipio
Garachico,2022,Índice de Gini,28.4,municipio
La Guancha,2018,Índice de Gini,28.4,municipio
San Juan de la Rambla,2022,Índice de Gini,28.4,municipio
Los Silos,2022,Índice de Gini,28.4,municipio
Valsequillo de Gran Canaria,2023,Índice de Gini,28.4,municipio
La Victoria de Acentejo,2022,Índice de Gini,28.5,municipio
Guía de Isora,2021,Índice de Gini,28.5,municipio
Betancuria,2017,Índice de Gini,28.5,municipio
Alajeró,2018,Índice de Gini,28.5,municipio
Buenavista del Norte,2017,Índice de Gini,28.5,municipio
Tuineje,2015,Índice de Gini,28.5,municipio
Tinajo,2016,Índice de Gini,28.6,municipio
Santa María de Guía de Gran Canaria,2021,Índice de Gini,28.6,municipio
Vallehermoso,2023,Índice de Gini,28.6,municipio
Gáldar,2020,Índice de Gini,28.6,municipio
Vallehermoso,2017,Índice de Gini,28.6,municipio
Agüimes,2021,Índice de Gini,28.6,municipio
La Orotava,2023,Índice de Gini,28.6,municipio
Pájara,2015,Índice de Gini,28.6,municipio
Guía de Isora,2019,Índice de Gini,28.6,municipio
Valleseco,2022,Índice de Gini,28.6,municipio
Güímar,2023,Índice de Gini,28.7,municipio
Arrecife,2023,Índice de Gini,28.7,municipio
Valleseco,2020,Índice de Gini,28.7,municipio
Los Silos,2019,Índice de Gini,28.7,municipio
Alajeró,2017,Índice de Gini,28.7,municipio
Los Realejos,2018,Índice de Gini,28.7,municipio
Hermigua,2023,Índice de Gini,28.7,municipio
Arucas,2022,Índice de Gini,28.8,municipio
La Victoria de Acentejo,2021,Índice de Gini,28.8,municipio
El Tanque,2016,Índice de Gini,28.8,municipio
Guía de Isora,2020,Índice de Gini,28.8,municipio
Agaete,2022,Índice de Gini,28.8,municipio
Vallehermoso,2015,Índice de Gini,28.8,municipio
Santa María de Guía de Gran Canaria,2020,Índice de Gini,28.8,municipio
Los Silos,2020,Índice de Gini,28.9,municipio
Garachico,2019,Índice de Gini,28.9,municipio
Santa María de Guía de Gran Canaria,2019,Índice de Gini,28.9,municipio
Telde,2023,Índice de Gini,28.9,municipio
Teror,2023,Índice de Gini,28.9,municipio
Valleseco,2021,Índice de Gini,28.9,municipio
Alajeró,2015,Índice de Gini,28.9,municipio
Agulo,2015,Índice de Gini,28.9,municipio
Agüimes,2018,Índice de Gini,28.9,municipio
Tinajo,2015,Índice de Gini,28.9,municipio
Gáldar,2019,Índice de Gini,28.9,municipio
San Bartolomé,2022,Índice de Gini,28.9,municipio
Vallehermoso,2019,Índice de Gini,28.9,municipio
Agulo,2023,Índice de Gini,29.0,municipio
La Matanza de Acentejo,2022,Índice de Gini,29.0,municipio
San Sebastián de La Gomera,2023,Índice de Gini,29.0,municipio
Artenara,2021,Índice de Gini,29.0,municipio
Ingenio,2016,Índice de Gini,29.0,municipio
Artenara,2015,Índice de Gini,29.0,municipio
Los Silos,2015,Índice de Gini,29.0,municipio
Guía de Isora,2018,Índice de Gini,29.0,municipio
Tegueste,2023,Índice de Gini,29.0,municipio
Los Realejos,2017,Índice de Gini,29.0,municipio
Tuineje,2021,Índice de Gini,29.0,municipio
Santa Lucía de Tirajana,2019,Índice de Gini,29.0,municipio
Garachico,2020,Índice de Gini,29.1,municipio
Los Silos,2018,Índice de Gini,29.1,municipio
Garachico,2021,Índice de Gini,29.1,municipio
Vega de San Mateo,2023,Índice de Gini,29.2,municipio
Vallehermoso,2018,Índice de Gini,29.2,municipio
Arafo,2022,Índice de Gini,29.2,municipio
Guía de Isora,2017,Índice de Gini,29.2,municipio
Arucas,2021,Índice de Gini,29.2,municipio
Haría,2023,Índice de Gini,29.2,municipio
La Victoria de Acentejo,2020,Índice de Gini,29.3,municipio
Firgas,2018,Índice de Gini,29.3,municipio
Pájara,2021,Índice de Gini,29.3,municipio
Icod de los Vinos,2023,Índice de Gini,29.3,municipio
San Bartolomé,2019,Índice de Gini,29.3,municipio
Santa Lucía de Tirajana,2018,Índice de Gini,29.3,municipio
Güímar,2022,Índice de Gini,29.3,municipio
Los Silos,2021,Índice de Gini,29.3,municipio
Vilaflor de Chasna,2023,Índice de Gini,29.3,municipio
Valleseco,2019,Índice de Gini,29.3,municipio
La Victoria de Acentejo,2019,Índice de Gini,29.4,municipio
Hermigua,2017,Índice de Gini,29.4,municipio
Fuencaliente de La Palma,2019,Índice de Gini,29.4,municipio
Pájara,2020,Índice de Gini,29.4,municipio
Artenara,2016,Índice de Gini,29.4,municipio
Gáldar,2018,Índice de Gini,29.4,municipio
Buenavista del Norte,2016,Índice de Gini,29.4,municipio
Buenavista del Norte,2018,Índice de Gini,29.4,municipio
Arico,2023,Índice de Gini,29.4,municipio
Agüimes,2020,Índice de Gini,29.4,municipio
Alajeró,2016,Índice de Gini,29.5,municipio
La Matanza de Acentejo,2021,Índice de Gini,29.5,municipio
Granadilla de Abona,2023,Índice de Gini,29.5,municipio
Fasnia,2023,Índice de Gini,29.5,municipio
Santa Lucía de Tirajana,2021,Índice de Gini,29.5,municipio
Arrecife,2022,Índice de Gini,29.5,municipio
Vallehermoso,2022,Índice de Gini,29.5,municipio
Hermigua,2018,Índice de Gini,29.5,municipio
Valsequillo de Gran Canaria,2021,Índice de Gini,29.5,municipio
Agulo,2016,Índice de Gini,29.5,municipio
Agaete,2021,Índice de Gini,29.5,municipio
Agüimes,2017,Índice de Gini,29.5,municipio
La Orotava,2022,Índice de Gini,29.6,municipio
Garachico,2018,Índice de Gini,29.6,municipio
Valsequillo de Gran Canaria,2020,Índice de Gini,29.6,municipio
Valsequillo de Gran Canaria,2022,Índice de Gini,29.6,municipio
Arafo,2021,Índice de Gini,29.6,municipio
La Guancha,2016,Índice de Gini,29.6,municipio
Puntallana,2018,Índice de Gini,29.6,municipio
San Juan de la Rambla,2021,Índice de Gini,29.6,municipio
Arucas,2019,Índice de Gini,29.6,municipio
Arucas,2020,Índice de Gini,29.6,municipio
Santa María de Guía de Gran Canaria,2018,Índice de Gini,29.6,municipio
Teror,2022,Índice de Gini,29.6,municipio
Valsequillo de Gran Canaria,2019,Índice de Gini,29.6,municipio
Hermigua,2020,Índice de Gini,29.7,municipio
La Aldea de San Nicolás,2015,Índice de Gini,29.7,municipio
Yaiza,2023,Índice de Gini,29.7,municipio
Tejeda,2023,Índice de Gini,29.7,municipio
Teror,2021,Índice de Gini,29.8,municipio
Santa Lucía de Tirajana,2017,Índice de Gini,29.8,municipio
San Sebastián de La Gomera,2021,Índice de Gini,29.8,municipio
Agulo,2022,Índice de Gini,29.8,municipio
Fasnia,2022,Índice de Gini,29.8,municipio
Tegueste,2022,Índice de Gini,29.8,municipio
Icod de los Vinos,2021,Índice de Gini,29.8,municipio
Lanzarote,2023,Índice de Gini,29.8,isla
Telde,2022,Índice de Gini,29.8,municipio
San Sebastián de La Gomera,2022,Índice de Gini,29.8,municipio
Hermigua,2022,Índice de Gini,29.8,municipio
Vallehermoso,2021,Índice de Gini,29.8,municipio
La Aldea de San Nicolás,2016,Índice de Gini,29.8,municipio
Teguise,2023,Índice de Gini,29.8,municipio
Puntallana,2017,Índice de Gini,29.8,municipio
Gáldar,2017,Índice de Gini,29.8,municipio
Fuencaliente de La Palma,2021,Índice de Gini,29.8,municipio
Puntallana,2019,Índice de Gini,29.9,municipio
Agaete,2020,Índice de Gini,29.9,municipio
Tazacorte,2022,Índice de Gini,29.9,municipio
Ingenio,2015,Índice de Gini,29.9,municipio
La Guancha,2015,Índice de Gini,29.9,municipio
Tegueste,2021,Índice de Gini,29.9,municipio
San Bartolomé,2018,Índice de Gini,29.9,municipio
Santa María de Guía de Gran Canaria,2017,Índice de Gini,29.9,municipio
Agulo,2019,Índice de Gini,29.9,municipio
Santa Lucía de Tirajana,2020,Índice de Gini,29.9,municipio
Agulo,2018,Índice de Gini,29.9,municipio
La Victoria de Acentejo,2017,Índice de Gini,30.0,municipio
Icod de los Vinos,2022,Índice de Gini,30.0,municipio
Vilaflor de Chasna,2022,Índice de Gini,30.0,municipio
La Matanza de Acentejo,2020,Índice de Gini,30.0,municipio
Betancuria,2021,Índice de Gini,30.0,municipio
Buenavista del Norte,2015,Índice de Gini,30.0,municipio
Vilaflor de Chasna,2021,Índice de Gini,30.0,municipio
San Sebastián de La Gomera,2019,Índice de Gini,30.0,municipio
Teguise,2022,Índice de Gini,30.1,municipio
Valsequillo de Gran Canaria,2018,Índice de Gini,30.1,municipio
Haría,2019,Índice de Gini,30.1,municipio
Candelaria,2023,Índice de Gini,30.1,municipio
Valleseco,2018,Índice de Gini,30.1,municipio
Agaete,2019,Índice de Gini,30.1,municipio
Fuencaliente de La Palma,2020,Índice de Gini,30.1,municipio
Garachico,2017,Índice de Gini,30.1,municipio
Moya,2023,Índice de Gini,30.1,municipio
Arrecife,2018,Índice de Gini,30.1,municipio
Tazacorte,2020,Índice de Gini,30.1,municipio
La Victoria de Acentejo,2018,Índice de Gini,30.1,municipio
Arucas,2018,Índice de Gini,30.2,municipio
Vallehermoso,2016,Índice de Gini,30.2,municipio
Firgas,2017,Índice de Gini,30.2,municipio
Arrecife,2019,Índice de Gini,30.2,municipio
Agulo,2020,Índice de Gini,30.2,municipio
Vilaflor de Chasna,2019,Índice de Gini,30.2,municipio
La Gomera,2023,Índice de Gini,30.2,isla
Agulo,2021,Índice de Gini,30.2,municipio
Puerto del Rosario,2023,Índice de Gini,30.3,municipio
Agaete,2018,Índice de Gini,30.3,municipio
Fuencaliente de La Palma,2017,Índice de Gini,30.3,municipio
Arico,2022,Índice de Gini,30.3,municipio
Tejeda,2021,Índice de Gini,30.3,municipio
Tegueste,2019,Índice de Gini,30.3,municipio
San Juan de la Rambla,2019,Índice de Gini,30.3,municipio
La Orotava,2021,Índice de Gini,30.3,municipio
Icod de los Vinos,2019,Índice de Gini,30.3,municipio
Telde,2021,Índice de Gini,30.4,municipio
Hermigua,2021,Índice de Gini,30.4,municipio
Puntallana,2020,Índice de Gini,30.4,municipio
Güímar,2019,Índice de Gini,30.4,municipio
Haría,2022,Índice de Gini,30.4,municipio
Hermigua,2016,Índice de Gini,30.4,municipio
Candelaria,2022,Índice de Gini,30.5,municipio
Arico,2019,Índice de Gini,30.5,municipio
Agüimes,2016,Índice de Gini,30.5,municipio
Fuerteventura,2023,Índice de Gini,30.5,isla
Güímar,2021,Índice de Gini,30.5,municipio
Moya,2021,Índice de Gini,30.5,municipio
Hermigua,2015,Índice de Gini,30.5,municipio
Yaiza,2022,Índice de Gini,30.5,municipio
Yaiza,2019,Índice de Gini,30.5,municipio
San Andrés y Sauces,2020,Índice de Gini,30.5,municipio
Vilaflor de Chasna,2018,Índice de Gini,30.5,municipio
San Bartolomé,2017,Índice de Gini,30.5,municipio
Telde,2019,Índice de Gini,30.6,municipio
San Sebastián de La Gomera,2018,Índice de Gini,30.6,municipio
San Andrés y Sauces,2015,Índice de Gini,30.6,municipio
Puntallana,2021,Índice de Gini,30.6,municipio
Arrecife,2017,Índice de Gini,30.6,municipio
Lanzarote,2022,Índice de Gini,30.6,isla
La Matanza de Acentejo,2019,Índice de Gini,30.6,municipio
Icod de los Vinos,2020,Índice de Gini,30.6,municipio
Fasnia,2018,Índice de Gini,30.6,municipio
Tegueste,2020,Índice de Gini,30.6,municipio
Vega de San Mateo,2022,Índice de Gini,30.6,municipio
Güímar,2020,Índice de Gini,30.7,municipio
Moya,2020,Índice de Gini,30.7,municipio
Fasnia,2019,Índice de Gini,30.7,municipio
San Miguel de Abona,2023,Índice de Gini,30.7,municipio
Garachico,2016,Índice de Gini,30.7,municipio
Arucas,2017,Índice de Gini,30.7,municipio
La Orotava,2019,Índice de Gini,30.7,municipio
Moya,2018,Índice de Gini,30.7,municipio
El Sauzal,2023,Índice de Gini,30.7,municipio
Tazacorte,2019,Índice de Gini,30.7,municipio
La Orotava,2020,Índice de Gini,30.7,municipio
Teror,2020,Índice de Gini,30.7,municipio
San Bartolomé,2021,Índice de Gini,30.7,municipio
Barlovento,2021,Índice de Gini,30.7,municipio
La Victoria de Acentejo,2016,Índice de Gini,30.7,municipio
Fasnia,2021,Índice de Gini,30.7,municipio
La Gomera,2022,Índice de Gini,30.7,isla
Telde,2020,Índice de Gini,30.8,municipio
Teror,2019,Índice de Gini,30.8,municipio
Moya,2022,Índice de Gini,30.8,municipio
San Andrés y Sauces,2021,Índice de Gini,30.8,municipio
San Juan de la Rambla,2020,Índice de Gini,30.8,municipio
Haría,2021,Índice de Gini,30.8,municipio
Tazacorte,2021,Índice de Gini,30.8,municipio
Los Realejos,2016,Índice de Gini,30.8,municipio
La Gomera,2019,Índice de Gini,30.8,isla
Guía de Isora,2015,Índice de Gini,30.8,municipio
Granadilla de Abona,2022,Índice de Gini,30.8,municipio
Gáldar,2016,Índice de Gini,30.9,municipio
Agaete,2017,Índice de Gini,30.9,municipio
Güímar,2018,Índice de Gini,30.9,municipio
Moya,2019,Índice de Gini,30.9,municipio
Arafo,2019,Índice de Gini,30.9,municipio
Fasnia,2020,Índice de Gini,30.9,municipio
Fuencaliente de La Palma,2015,Índice de Gini,30.9,municipio
Teguise,2019,Índice de Gini,30.9,municipio
Tejeda,2022,Índice de Gini,30.9,municipio
Teguise,2021,Índice de Gini,31.0,municipio
Santa María de Guía de Gran Canaria,2016,Índice de Gini,31.0,municipio
San Sebastián de La Gomera,2020,Índice de Gini,31.0,municipio
Tacoronte,2023,Índice de Gini,31.0,municipio
Lanzarote,2019,Índice de Gini,31.0,isla
Puntallana,2016,Índice de Gini,31.0,municipio
Fuencaliente de La Palma,2016,Índice de Gini,31.0,municipio
Puerto del Rosario,2022,Índice de Gini,31.0,municipio
Fuencaliente de La Palma,2018,Índice de Gini,31.0,municipio
San Juan de la Rambla,2018,Índice de Gini,31.0,municipio
Yaiza,2018,Índice de Gini,31.0,municipio
San Andrés y Sauces,2017,Índice de Gini,31.0,municipio
San Andrés y Sauces,2018,Índice de Gini,31.0,municipio
Vega de San Mateo,2019,Índice de Gini,31.0,municipio
Vega de San Mateo,2021,Índice de Gini,31.0,municipio
La Matanza de Acentejo,2018,Índice de Gini,31.1,municipio
San Bartolomé,2020,Índice de Gini,31.1,municipio
Agulo,2017,Índice de Gini,31.1,municipio
Mogán,2023,Índice de Gini,31.1,municipio
Betancuria,2020,Índice de Gini,31.1,municipio
Puntallana,2015,Índice de Gini,31.1,municipio
Puntallana,2022,Índice de Gini,31.1,municipio
Los Realejos,2015,Índice de Gini,31.2,municipio
Santiago del Teide,2023,Índice de Gini,31.2,municipio
Granadilla de Abona,2019,Índice de Gini,31.2,municipio
Tegueste,2018,Índice de Gini,31.2,municipio
La Gomera,2021,Índice de Gini,31.2,isla
Arico,2020,Índice de Gini,31.2,municipio
Agüimes,2015,Índice de Gini,31.2,municipio
Firgas,2016,Índice de Gini,31.2,municipio
Candelaria,2021,Índice de Gini,31.2,municipio
Valleseco,2017,Índice de Gini,31.2,municipio
Santa Lucía de Tirajana,2016,Índice de Gini,31.2,municipio
Valleseco,2015,Índice de Gini,31.2,municipio
Vega de San Mateo,2020,Índice de Gini,31.2,municipio
Las Palmas,2023,Índice de Gini,31.3,provincia
Yaiza,2017,Índice de Gini,31.3,municipio
Fuencaliente de La Palma,2023,Índice de Gini,31.3,municipio
San Sebastián de La Gomera,2017,Índice de Gini,31.3,municipio
Arico,2021,Índice de Gini,31.3,municipio
Mogán,2019,Índice de Gini,31.3,municipio
Arico,2018,Índice de Gini,31.3,municipio
Icod de los Vinos,2017,Índice de Gini,31.3,municipio
Barlovento,2019,Índice de Gini,31.3,municipio
Guía de Isora,2016,Índice de Gini,31.3,municipio
Fasnia,2017,Índice de Gini,31.3,municipio
Lanzarote,2018,Índice de Gini,31.3,isla
Puerto del Rosario,2018,Índice de Gini,31.3,municipio
Telde,2018,Índice de Gini,31.3,municipio
Valsequillo de Gran Canaria,2017,Índice de Gini,31.3,municipio
Teguise,2018,Índice de Gini,31.3,municipio
Teror,2018,Índice de Gini,31.3,municipio
Fuerteventura,2022,Índice de Gini,31.4,isla
Arafo,2020,Índice de Gini,31.4,municipio
Haría,2018,Índice de Gini,31.4,municipio
Icod de los Vinos,2018,Índice de Gini,31.4,municipio
La Orotava,2018,Índice de Gini,31.4,municipio
Moya,2017,Índice de Gini,31.4,municipio
Vilaflor de Chasna,2020,Índice de Gini,31.4,municipio
Vilaflor de Chasna,2017,Índice de Gini,31.4,municipio
La Victoria de Acentejo,2015,Índice de Gini,31.4,municipio
Tejeda,2020,Índice de Gini,31.4,municipio
Barlovento,2020,Índice de Gini,31.5,municipio
Santa Lucía de Tirajana,2015,Índice de Gini,31.5,municipio
La Gomera,2018,Índice de Gini,31.5,isla
Gáldar,2015,Índice de Gini,31.5,municipio
Fuerteventura,2018,Índice de Gini,31.5,isla
Fasnia,2015,Índice de Gini,31.5,municipio
Arrecife,2021,Índice de Gini,31.5,municipio
San Miguel de Abona,2022,Índice de Gini,31.5,municipio
Villa de Mazo,2021,Índice de Gini,31.5,municipio
Breña Alta,2021,Índice de Gini,31.5,municipio
Arico,2017,Índice de Gini,31.5,municipio
San Sebastián de La Gomera,2015,Índice de Gini,31.5,municipio
San Andrés y Sauces,2016,Índice de Gini,31.6,municipio
Fuerteventura,2019,Índice de Gini,31.6,isla
San Juan de la Rambla,2017,Índice de Gini,31.6,municipio
Granadilla de Abona,2018,Índice de Gini,31.6,municipio
Puerto del Rosario,2019,Índice de Gini,31.6,municipio
La Matanza de Acentejo,2017,Índice de Gini,31.6,municipio
Gran Canaria,2023,Índice de Gini,31.6,isla
Tazacorte,2023,Índice de Gini,31.6,municipio
Breña Baja,2021,Índice de Gini,31.6,municipio
Haría,2020,Índice de Gini,31.6,municipio
Fasnia,2016,Índice de Gini,31.7,municipio
Tegueste,2017,Índice de Gini,31.7,municipio
Canarias,2023,Índice de Gini,31.7,isla
San Andrés y Sauces,2019,Índice de Gini,31.7,municipio
Breña Baja,2020,Índice de Gini,31.7,municipio
Mogán,2022,Índice de Gini,31.7,municipio
Fuencaliente de La Palma,2022,Índice de Gini,31.7,municipio
Lanzarote,2017,Índice de Gini,31.7,isla
Puerto del Rosario,2017,Índice de Gini,31.7,municipio
El Sauzal,2022,Índice de Gini,31.7,municipio
Villa de Mazo,2019,Índice de Gini,31.7,municipio
Santa María de Guía de Gran Canaria,2015,Índice de Gini,31.7,municipio
Tejeda,2019,Índice de Gini,31.7,municipio
La Gomera,2020,Índice de Gini,31.7,isla
La Gomera,2017,Índice de Gini,31.7,isla
Santa Úrsula,2023,Índice de Gini,31.7,municipio
Vega de San Mateo,2017,Índice de Gini,31.8,municipio
Santiago del Teide,2021,Índice de Gini,31.8,municipio
Fuerteventura,2017,Índice de Gini,31.8,isla
Arafo,2018,Índice de Gini,31.8,municipio
Valleseco,2016,Índice de Gini,31.8,municipio
Teror,2017,Índice de Gini,31.8,municipio
Betancuria,2015,Índice de Gini,31.8,municipio
Villa de Mazo,2020,Índice de Gini,31.8,municipio
Tazacorte,2017,Índice de Gini,31.8,municipio
Santiago del Teide,2022,Índice de Gini,31.8,municipio
El Paso,2021,Índice de Gini,31.8,municipio
Arona,2023,Índice de Gini,31.9,municipio
Breña Alta,2023,Índice de Gini,31.9,municipio
Teguise,2020,Índice de Gini,31.9,municipio
Santiago del Teide,2019,Índice de Gini,31.9,municipio
Breña Baja,2019,Índice de Gini,31.9,municipio
Breña Alta,2020,Índice de Gini,31.9,municipio
Granadilla de Abona,2020,Índice de Gini,31.9,municipio
Firgas,2015,Índice de Gini,31.9,municipio
La Orotava,2017,Índice de Gini,31.9,municipio
Garachico,2015,Índice de Gini,31.9,municipio
San Cristóbal de La Laguna,2023,Índice de Gini,31.9,municipio
Arrecife,2020,Índice de Gini,31.9,municipio
Mogán,2018,Índice de Gini,32.0,municipio
San Andrés y Sauces,2022,Índice de Gini,32.0,municipio
Tejeda,2017,Índice de Gini,32.0,municipio
Granadilla de Abona,2017,Índice de Gini,32.0,municipio
Telde,2017,Índice de Gini,32.0,municipio
Valsequillo de Gran Canaria,2016,Índice de Gini,32.0,municipio
Vega de San Mateo,2018,Índice de Gini,32.0,municipio
Tenerife,2023,Índice de Gini,32.0,isla
San Andrés y Sauces,2023,Índice de Gini,32.0,municipio
El Pinar de El Hierro,2023,Índice de Gini,32.0,municipio
Güímar,2017,Índice de Gini,32.0,municipio
Villa de Mazo,2022,Índice de Gini,32.1,municipio
Teguise,2017,Índice de Gini,32.1,municipio
Santa Cruz de Tenerife,2023,Índice de Gini,32.1,municipio
Yaiza,2020,Índice de Gini,32.1,municipio
Las Palmas,2022,Índice de Gini,32.1,provincia
Arrecife,2016,Índice de Gini,32.1,municipio
Arucas,2016,Índice de Gini,32.1,municipio
Breña Alta,2019,Índice de Gini,32.1,municipio
Candelaria,2019,Índice de Gini,32.1,municipio
Barlovento,2018,Índice de Gini,32.1,municipio
Tazacorte,2018,Índice de Gini,32.1,municipio
Yaiza,2021,Índice de Gini,32.2,municipio
Mogán,2017,Índice de Gini,32.2,municipio
Mogán,2020,Índice de Gini,32.2,municipio
Barlovento,2015,Índice de Gini,32.2,municipio
Tejeda,2018,Índice de Gini,32.2,municipio
La Gomera,2015,Índice de Gini,32.2,isla
Granadilla de Abona,2021,Índice de Gini,32.2,municipio
Moya,2015,Índice de Gini,32.2,municipio
Tacoronte,2022,Índice de Gini,32.2,municipio
Villa de Mazo,2018,Índice de Gini,32.2,municipio
Haría,2017,Índice de Gini,32.2,municipio
Moya,2016,Índice de Gini,32.3,municipio
Puerto del Rosario,2021,Índice de Gini,32.3,municipio
Candelaria,2020,Índice de Gini,32.3,municipio
El Rosario,2023,Índice de Gini,32.3,municipio
El Rosario,2022,Índice de Gini,32.3,municipio
Lanzarote,2021,Índice de Gini,32.3,isla
El Pinar de El Hierro,2021,Índice de Gini,32.3,municipio
Frontera,2021,Índice de Gini,32.3,municipio
Vilaflor de Chasna,2016,Índice de Gini,32.4,municipio
El Sauzal,2021,Índice de Gini,32.4,municipio
Villa de Mazo,2023,Índice de Gini,32.4,municipio
Barlovento,2017,Índice de Gini,32.4,municipio
Gran Canaria,2022,Índice de Gini,32.4,isla
Santiago del Teide,2018,Índice de Gini,32.4,municipio
Santa Cruz de La Palma,2021,Índice de Gini,32.4,municipio
Santiago del Teide,2017,Índice de Gini,32.4,municipio
El Paso,2022,Índice de Gini,32.4,municipio
El Pinar de El Hierro,2022,Índice de Gini,32.4,municipio
Breña Alta,2022,Índice de Gini,32.4,municipio
Santa Úrsula,2022,Índice de Gini,32.5,municipio
Valsequillo de Gran Canaria,2015,Índice de Gini,32.5,municipio
Valverde,2021,Índice de Gini,32.5,municipio
Tijarafe,2021,Índice de Gini,32.5,municipio
Betancuria,2016,Índice de Gini,32.5,municipio
Canarias,2022,Índice de Gini,32.5,isla
Frontera,2020,Índice de Gini,32.5,municipio
Valverde,2022,Índice de Gini,32.5,municipio
El Pinar de El Hierro,2020,Índice de Gini,32.5,municipio
Puerto del Rosario,2020,Índice de Gini,32.6,municipio
Tazacorte,2016,Índice de Gini,32.6,municipio
Lanzarote,2020,Índice de Gini,32.6,isla
Arucas,2015,Índice de Gini,32.6,municipio
El Rosario,2021,Índice de Gini,32.6,municipio
Betancuria,2019,Índice de Gini,32.6,municipio
Barlovento,2022,Índice de Gini,32.6,municipio
La Palma,2021,Índice de Gini,32.6,isla
Arona,2022,Índice de Gini,32.6,municipio
San Bartolomé,2015,Índice de Gini,32.6,municipio
Arafo,2017,Índice de Gini,32.6,municipio
San Bartolomé,2016,Índice de Gini,32.6,municipio
Santiago del Teide,2020,Índice de Gini,32.6,municipio
San Miguel de Abona,2019,Índice de Gini,32.6,municipio
Puntallana,2023,Índice de Gini,32.6,municipio
San Sebastián de La Gomera,2016,Índice de Gini,32.7,municipio
San Bartolomé de Tirajana,2023,Índice de Gini,32.7,municipio
El Rosario,2020,Índice de Gini,32.7,municipio
El Hierro,2021,Índice de Gini,32.7,isla
Breña Baja,2018,Índice de Gini,32.7,municipio
Candelaria,2018,Índice de Gini,32.7,municipio
Frontera,2019,Índice de Gini,32.8,municipio
Tacoronte,2021,Índice de Gini,32.8,municipio
Las Palmas,2019,Índice de Gini,32.8,provincia
Fuerteventura,2021,Índice de Gini,32.8,isla
Mogán,2021,Índice de Gini,32.8,municipio
San Cristóbal de La Laguna,2022,Índice de Gini,32.8,municipio
La Gomera,2016,Índice de Gini,32.8,isla
Arico,2015,Índice de Gini,32.8,municipio
Breña Alta,2017,Índice de Gini,32.9,municipio
Breña Alta,2018,Índice de Gini,32.9,municipio
Güímar,2016,Índice de Gini,32.9,municipio
Icod de los Vinos,2015,Índice de Gini,32.9,municipio
Agaete,2015,Índice de Gini,32.9,municipio
Frontera,2022,Índice de Gini,32.9,municipio
Las Palmas,2021,Índice de Gini,32.9,provincia
Arona,2019,Índice de Gini,32.9,municipio
Teror,2016,Índice de Gini,32.9,municipio
Fuerteventura,2020,Índice de Gini,32.9,isla
Tenerife,2022,Índice de Gini,32.9,isla
Betancuria,2022,Índice de Gini,32.9,municipio
Santa Cruz de Tenerife,2022,Índice de Gini,32.9,municipio
Santa Úrsula,2021,Índice de Gini,32.9,municipio
San Juan de la Rambla,2016,Índice de Gini,32.9,municipio
Gran Canaria,2021,Índice de Gini,32.9,isla
Frontera,2023,Índice de Gini,32.9,municipio
San Miguel de Abona,2021,Índice de Gini,32.9,municipio
Arrecife,2015,Índice de Gini,33.0,municipio
Telde,2016,Índice de Gini,33.0,municipio
El Hierro,2022,Índice de Gini,33.0,isla
Tías,2023,Índice de Gini,33.0,municipio
La Matanza de Acentejo,2016,Índice de Gini,33.1,municipio
Santa Cruz de La Palma,2020,Índice de Gini,33.1,municipio
Yaiza,2015,Índice de Gini,33.1,municipio
Teguise,2016,Índice de Gini,33.1,municipio
Haría,2016,Índice de Gini,33.1,municipio
Valverde,2023,Índice de Gini,33.1,municipio
Icod de los Vinos,2016,Índice de Gini,33.1,municipio
Breña Baja,2022,Índice de Gini,33.1,municipio
Yaiza,2016,Índice de Gini,33.1,municipio
El Hierro,2023,Índice de Gini,33.1,isla
Valverde,2020,Índice de Gini,33.1,municipio
Teror,2015,Índice de Gini,33.1,municipio
El Hierro,2020,Índice de Gini,33.2,isla
Tijarafe,2019,Índice de Gini,33.2,municipio
El Sauzal,2019,Índice de Gini,33.2,municipio
Barlovento,2023,Índice de Gini,33.2,municipio
Agaete,2016,Índice de Gini,33.2,municipio
El Paso,2023,Índice de Gini,33.2,municipio
Canarias,2021,Índice de Gini,33.2,isla
Breña Baja,2023,Índice de Gini,33.2,municipio
Tejeda,2016,Índice de Gini,33.2,municipio
La Palma,2020,Índice de Gini,33.2,isla
Las Palmas,2020,Índice de Gini,33.3,provincia
Canarias,2019,Índice de Gini,33.3,isla
Lanzarote,2016,Índice de Gini,33.3,isla
El Pinar de El Hierro,2019,Índice de Gini,33.3,municipio
Güímar,2015,Índice de Gini,33.3,municipio
San Cristóbal de La Laguna,2021,Índice de Gini,33.3,municipio
Gran Canaria,2019,Índice de Gini,33.3,isla
Vilaflor de Chasna,2015,Índice de Gini,33.3,municipio
La Palma,2019,Índice de Gini,33.3,isla
La Orotava,2016,Índice de Gini,33.3,municipio
Los Llanos de Aridane,2021,Índice de Gini,33.3,municipio
Tijarafe,2020,Índice de Gini,33.3,municipio
San Bartolomé de Tirajana,2022,Índice de Gini,33.3,municipio
Las Palmas,2018,Índice de Gini,33.3,provincia
Tijarafe,2023,Índice de Gini,33.3,municipio
Breña Baja,2017,Índice de Gini,33.4,municipio
El Rosario,2019,Índice de Gini,33.4,municipio
El Sauzal,2020,Índice de Gini,33.4,municipio
Vega de San Mateo,2015,Índice de Gini,33.4,municipio
Puerto del Rosario,2016,Índice de Gini,33.4,municipio
El Paso,2020,Índice de Gini,33.4,municipio
Candelaria,2017,Índice de Gini,33.4,municipio
Barlovento,2016,Índice de Gini,33.4,municipio
Gran Canaria,2020,Índice de Gini,33.4,isla
Santa Cruz de La Palma,2019,Índice de Gini,33.5,municipio
Villa de Mazo,2017,Índice de Gini,33.5,municipio
San Bartolomé de Tirajana,2019,Índice de Gini,33.5,municipio
Tejeda,2015,Índice de Gini,33.5,municipio
Haría,2015,Índice de Gini,33.5,municipio
Tacoronte,2020,Índice de Gini,33.5,municipio
Tacoronte,2019,Índice de Gini,33.5,municipio
Frontera,2018,Índice de Gini,33.5,municipio
Tegueste,2016,Índice de Gini,33.5,municipio
Vega de San Mateo,2016,Índice de Gini,33.6,municipio
Santa Úrsula,2020,Índice de Gini,33.6,municipio
La Palma,2022,Índice de Gini,33.6,isla
Santa Cruz de Tenerife,2021,Índice de Gini,33.6,municipio
Fuerteventura,2016,Índice de Gini,33.6,isla
Teguise,2015,Índice de Gini,33.6,municipio
Los Llanos de Aridane,2020,Índice de Gini,33.6,municipio
Tazacorte,2015,Índice de Gini,33.7,municipio
La Matanza de Acentejo,2015,Índice de Gini,33.7,municipio
Arico,2016,Índice de Gini,33.7,municipio
San Miguel de Abona,2018,Índice de Gini,33.7,municipio
Santa Cruz de La Palma,2023,Índice de Gini,33.7,municipio
El Paso,2019,Índice de Gini,33.7,municipio
Canarias,2020,Índice de Gini,33.8,isla
Fuerteventura,2015,Índice de Gini,33.8,isla
Las Palmas,2017,Índice de Gini,33.8,provincia
Telde,2015,Índice de Gini,33.8,municipio
Santa Cruz de Tenerife,2019,Índice de Gini,33.8,municipio
El Rosario,2018,Índice de Gini,33.8,municipio
Tenerife,2021,Índice de Gini,33.8,isla
La Palma,2023,Índice de Gini,33.8,isla
Lanzarote,2015,Índice de Gini,33.9,isla
Gran Canaria,2018,Índice de Gini,33.9,isla
Tijarafe,2017,Índice de Gini,33.9,municipio
Canarias,2018,Índice de Gini,33.9,isla
San Juan de la Rambla,2015,Índice de Gini,33.9,municipio
Tenerife,2019,Índice de Gini,33.9,isla
Adeje,2023,Índice de Gini,33.9,municipio
Arona,2020,Índice de Gini,33.9,municipio
Santa Cruz de La Palma,2022,Índice de Gini,33.9,municipio
San Miguel de Abona,2020,Índice de Gini,34.0,municipio
Arona,2021,Índice de Gini,34.0,municipio
Arona,2018,Índice de Gini,34.0,municipio
El Hierro,2019,Índice de Gini,34.0,isla
Tijarafe,2022,Índice de Gini,34.0,municipio
Los Llanos de Aridane,2022,Índice de Gini,34.0,municipio
El Sauzal,2018,Índice de Gini,34.1,municipio
La Palma,2018,Índice de Gini,34.1,isla
San Bartolomé de Tirajana,2020,Índice de Gini,34.1,municipio
San Bartolomé de Tirajana,2018,Índice de Gini,34.1,municipio
Tías,2022,Índice de Gini,34.1,municipio
Los Llanos de Aridane,2019,Índice de Gini,34.1,municipio
Puerto del Rosario,2015,Índice de Gini,34.1,municipio
Tacoronte,2018,Índice de Gini,34.1,municipio
Granadilla de Abona,2016,Índice de Gini,34.1,municipio
Breña Alta,2016,Índice de Gini,34.1,municipio
La Orotava,2015,Índice de Gini,34.2,municipio
San Cristóbal de La Laguna,2020,Índice de Gini,34.2,municipio
Tegueste,2015,Índice de Gini,34.2,municipio
Granadilla de Abona,2015,Índice de Gini,34.2,municipio
San Cristóbal de La Laguna,2019,Índice de Gini,34.2,municipio
Santa Cruz de Tenerife,2020,Índice de Gini,34.2,municipio
Las Palmas de Gran Canaria,2023,Índice de Gini,34.2,municipio
Santa Cruz de La Palma,2018,Índice de Gini,34.2,municipio
San Miguel de Abona,2017,Índice de Gini,34.2,municipio
El Sauzal,2017,Índice de Gini,34.3,municipio
La Palma,2017,Índice de Gini,34.3,isla
La Oliva,2023,Índice de Gini,34.3,municipio
El Paso,2018,Índice de Gini,34.3,municipio
Santa Úrsula,2019,Índice de Gini,34.3,municipio
Antigua,2023,Índice de Gini,34.3,municipio
Villa de Mazo,2016,Índice de Gini,34.3,municipio
El Pinar de El Hierro,2018,Índice de Gini,34.3,municipio
Arona,2017,Índice de Gini,34.4,municipio
Canarias,2017,Índice de Gini,34.4,isla
Los Llanos de Aridane,2023,Índice de Gini,34.4,municipio
Arafo,2016,Índice de Gini,34.4,municipio
Puerto de la Cruz,2023,Índice de Gini,34.4,municipio
Tenerife,2020,Índice de Gini,34.4,isla
Valverde,2019,Índice de Gini,34.4,municipio
Gran Canaria,2017,Índice de Gini,34.4,isla
Santa Cruz de La Palma,2017,Índice de Gini,34.4,municipio
El Pinar de El Hierro,2017,Índice de Gini,34.5,municipio
Valle Gran Rey,2019,Índice de Gini,34.5,municipio
Santiago del Teide,2016,Índice de Gini,34.5,municipio
El Rosario,2017,Índice de Gini,34.5,municipio
El Paso,2017,Índice de Gini,34.5,municipio
San Bartolomé de Tirajana,2021,Índice de Gini,34.6,municipio
Puntagorda,2023,Índice de Gini,34.6,municipio
El Pinar de El Hierro,2015,Índice de Gini,34.6,municipio
Santiago del Teide,2015,Índice de Gini,34.6,municipio
Valle Gran Rey,2023,Índice de Gini,34.7,municipio
Santa Cruz de Tenerife,2018,Índice de Gini,34.7,municipio
Arafo,2015,Índice de Gini,34.7,municipio
Breña Baja,2016,Índice de Gini,34.7,municipio
San Bartolomé de Tirajana,2017,Índice de Gini,34.7,municipio
Mogán,2016,Índice de Gini,34.7,municipio
Candelaria,2016,Índice de Gini,34.7,municipio
Valle Gran Rey,2022,Índice de Gini,34.7,municipio
Mogán,2015,Índice de Gini,34.7,municipio
Frontera,2017,Índice de Gini,34.7,municipio
Breña Alta,2015,Índice de Gini,34.7,municipio
Tenerife,2018,Índice de Gini,34.8,isla
El Hierro,2018,Índice de Gini,34.8,isla
Las Palmas de Gran Canaria,2022,Índice de Gini,34.8,municipio
Valverde,2015,Índice de Gini,34.8,municipio
Tías,2019,Índice de Gini,34.8,municipio
Adeje,2022,Índice de Gini,34.8,municipio
La Oliva,2022,Índice de Gini,34.9,municipio
Santa Cruz de La Palma,2016,Índice de Gini,34.9,municipio
Breña Baja,2015,Índice de Gini,34.9,municipio
Adeje,2019,Índice de Gini,34.9,municipio
Tías,2018,Índice de Gini,34.9,municipio
Villa de Mazo,2015,Índice de Gini,34.9,municipio
Santa Brígida,2021,Índice de Gini,34.9,municipio
San Cristóbal de La Laguna,2018,Índice de Gini,34.9,municipio
Puerto de la Cruz,2022,Índice de Gini,34.9,municipio
Los Llanos de Aridane,2017,Índice de Gini,35.0,municipio
Garafía,2015,Índice de Gini,35.0,municipio
La Oliva,2019,Índice de Gini,35.0,municipio
Tijarafe,2016,Índice de Gini,35.0,municipio
Las Palmas de Gran Canaria,2021,Índice de Gini,35.0,municipio
Tías,2017,Índice de Gini,35.0,municipio
Puerto de la Cruz,2021,Índice de Gini,35.0,municipio
Los Llanos de Aridane,2018,Índice de Gini,35.0,municipio
Candelaria,2015,Índice de Gini,35.1,municipio
Tacoronte,2017,Índice de Gini,35.1,municipio
Santa Cruz de Tenerife,2017,Índice de Gini,35.1,municipio
Las Palmas,2016,Índice de Gini,35.2,provincia
Tenerife,2017,Índice de Gini,35.2,isla
La Palma,2016,Índice de Gini,35.2,isla
Santa Úrsula,2018,Índice de Gini,35.2,municipio
San Cristóbal de La Laguna,2017,Índice de Gini,35.2,municipio
El Rosario,2016,Índice de Gini,35.2,municipio
Frontera,2015,Índice de Gini,35.2,municipio
Valverde,2017,Índice de Gini,35.3,municipio
El Hierro,2015,Índice de Gini,35.3,isla
Antigua,2022,Índice de Gini,35.4,municipio
La Oliva,2018,Índice de Gini,35.4,municipio
El Paso,2015,Índice de Gini,35.4,municipio
Tías,2020,Índice de Gini,35.4,municipio
Tijarafe,2018,Índice de Gini,35.4,municipio
Santa Cruz de La Palma,2015,Índice de Gini,35.4,municipio
Valverde,2018,Índice de Gini,35.4,municipio
Santa Brígida,2023,Índice de Gini,35.4,municipio
El Hierro,2017,Índice de Gini,35.4,isla
San Miguel de Abona,2015,Índice de Gini,35.5,municipio
Garafía,2017,Índice de Gini,35.5,municipio
Valle Gran Rey,2017,Índice de Gini,35.6,municipio
Valle Gran Rey,2018,Índice de Gini,35.6,municipio
Adeje,2018,Índice de Gini,35.6,municipio
Puerto de la Cruz,2019,Índice de Gini,35.6,municipio
La Oliva,2017,Índice de Gini,35.6,municipio
Las Palmas,2015,Índice de Gini,35.6,provincia
La Palma,2015,Índice de Gini,35.6,isla
El Paso,2016,Índice de Gini,35.7,municipio
Gran Canaria,2016,Índice de Gini,35.7,isla
Garafía,2019,Índice de Gini,35.7,municipio
Puntagorda,2015,Índice de Gini,35.7,municipio
Santa Brígida,2022,Índice de Gini,35.7,municipio
Canarias,2016,Índice de Gini,35.8,isla
Las Palmas de Gran Canaria,2020,Índice de Gini,35.8,municipio
Adeje,2020,Índice de Gini,35.8,municipio
Puntagorda,2021,Índice de Gini,35.8,municipio
Tijarafe,2015,Índice de Gini,35.9,municipio
Valverde,2016,Índice de Gini,35.9,municipio
Tías,2021,Índice de Gini,35.9,municipio
Puerto de la Cruz,2020,Índice de Gini,35.9,municipio
El Rosario,2015,Índice de Gini,35.9,municipio
Adeje,2021,Índice de Gini,35.9,municipio
Las Palmas de Gran Canaria,2019,Índice de Gini,35.9,municipio
El Sauzal,2016,Índice de Gini,36.0,municipio
Adeje,2017,Índice de Gini,36.0,municipio
Santa Úrsula,2017,Índice de Gini,36.1,municipio
Gran Canaria,2015,Índice de Gini,36.1,isla
Garafía,2022,Índice de Gini,36.1,municipio
La Oliva,2021,Índice de Gini,36.1,municipio
La Oliva,2020,Índice de Gini,36.1,municipio
El Pinar de El Hierro,2016,Índice de Gini,36.1,municipio
Valle Gran Rey,2021,Índice de Gini,36.1,municipio
Canarias,2015,Índice de Gini,36.1,isla
San Bartolomé de Tirajana,2015,Índice de Gini,36.2,municipio
Santa Brígida,2020,Índice de Gini,36.2,municipio
Puerto de la Cruz,2018,Índice de Gini,36.2,municipio
Los Llanos de Aridane,2016,Índice de Gini,36.2,municipio
San Bartolomé de Tirajana,2016,Índice de Gini,36.3,municipio
Puerto de la Cruz,2017,Índice de Gini,36.3,municipio
San Cristóbal de La Laguna,2016,Índice de Gini,36.3,municipio
Tacoronte,2016,Índice de Gini,36.3,municipio
Garafía,2023,Índice de Gini,36.4,municipio
Santa Cruz de Tenerife,2016,Índice de Gini,36.5,municipio
Las Palmas de Gran Canaria,2018,Índice de Gini,36.5,municipio
Puntagorda,2022,Índice de Gini,36.5,municipio
Valle Gran Rey,2016,Índice de Gini,36.5,municipio
Garafía,2018,Índice de Gini,36.6,municipio
El Sauzal,2015,Índice de Gini,36.6,municipio
Tacoronte,2015,Índice de Gini,36.6,municipio
Santa Brígida,2019,Índice de Gini,36.6,municipio
Arona,2015,Índice de Gini,36.6,municipio
Valle Gran Rey,2020,Índice de Gini,36.6,municipio
Antigua,2019,Índice de Gini,36.6,municipio
Tenerife,2016,Índice de Gini,36.7,isla
San Cristóbal de La Laguna,2015,Índice de Gini,36.7,municipio
Santa Cruz de Tenerife,2015,Índice de Gini,36.8,municipio
Tías,2016,Índice de Gini,36.8,municipio
Garafía,2020,Índice de Gini,36.8,municipio
Antigua,2021,Índice de Gini,36.8,municipio
Garafía,2021,Índice de Gini,36.8,municipio
Antigua,2018,Índice de Gini,36.9,municipio
Tenerife,2015,Índice de Gini,36.9,isla
El Hierro,2016,Índice de Gini,36.9,isla
Las Palmas de Gran Canaria,2017,Índice de Gini,37.0,municipio
Antigua,2020,Índice de Gini,37.0,municipio
Frontera,2016,Índice de Gini,37.0,municipio
San Miguel de Abona,2016,Índice de Gini,37.0,municipio
Arona,2016,Índice de Gini,37.0,municipio
Los Llanos de Aridane,2015,Índice de Gini,37.1,municipio
Puntagorda,2016,Índice de Gini,37.1,municipio
Puntagorda,2018,Índice de Gini,37.2,municipio
Puntagorda,2020,Índice de Gini,37.3,municipio
Garafía,2016,Índice de Gini,37.3,municipio
Antigua,2017,Índice de Gini,37.3,municipio
Puntagorda,2017,Índice de Gini,37.4,municipio
Valle Gran Rey,2015,Índice de Gini,37.4,municipio
Tías,2015,Índice de Gini,37.5,municipio
Puerto de la Cruz,2015,Índice de Gini,37.6,municipio
Santa Brígida,2018,Índice de Gini,37.6,municipio
Santa Úrsula,2016,Índice de Gini,37.7,municipio
Adeje,2015,Índice de Gini,37.7,municipio
Puntagorda,2019,Índice de Gini,37.7,municipio
Adeje,2016,Índice de Gini,38.0,municipio
La Oliva,2015,Índice de Gini,38.0,municipio
Antigua,2015,Índice de Gini,38.1,municipio
Puerto de la Cruz,2016,Índice de Gini,38.1,municipio
Las Palmas de Gran Canaria,2016,Índice de Gini,38.1,municipio
Antigua,2016,Índice de Gini,38.2,municipio
Santa Brígida,2017,Índice de Gini,38.3,municipio
Santa Úrsula,2015,Índice de Gini,38.3,municipio
La Oliva,2016,Índice de Gini,38.4,municipio
Las Palmas de Gran Canaria,2015,Índice de Gini,38.5,municipio
Santa Brígida,2016,Índice de Gini,38.7,municipio
Santa Brígida,2015,Índice de Gini,38.8,municipio
