TERRITORIO	TIME_PERIOD	MEDIDAS	OBS_VALUE	ESTADO_OBSERVACION	CONFIDENCIALIDAD_OBSERVACION
Canarias	2023	Índice de Gini	31.7		
Canarias	2022	Índice de Gini	32.5		
Canarias	2021	Índice de Gini	33.2		
Canarias	2020	Índice de Gini	33.8		
Canarias	2019	Índice de Gini	33.3		
Canarias	2018	Índice de Gini	33.9		
Canarias	2017	Índice de Gini	34.4		
Canarias	2016	Índice de Gini	35.8		
Canarias	2015	Índice de Gini	36.1		
Canarias	2023	Distribución de la renta P80/P20	2.6		
Canarias	2022	Distribución de la renta P80/P20	2.8		
Canarias	2021	Distribución de la renta P80/P20	2.8		
Canarias	2020	Distribución de la renta P80/P20	2.8		
Canarias	2019	Distribución de la renta P80/P20	2.9		
Canarias	2018	Distribución de la renta P80/P20	2.7		
Canarias	2017	Distribución de la renta P80/P20	2.9		
Canarias	2016	Distribución de la renta P80/P20	3.1		
Canarias	2015	Distribución de la renta P80/P20	3		
Las Palmas	2023	Índice de Gini	31.3		
Las Palmas	2022	Índice de Gini	32.1		
Las Palmas	2021	Índice de Gini	32.9		
Las Palmas	2020	Índice de Gini	33.3		
Las Palmas	2019	Índice de Gini	32.8		
Las Palmas	2018	Índice de Gini	33.3		
Las Palmas	2017	Índice de Gini	33.8		
Las Palmas	2016	Índice de Gini	35.2		
Las Palmas	2015	Índice de Gini	35.6		
Las Palmas	2023	Distribución de la renta P80/P20	2.6		
Las Palmas	2022	Distribución de la renta P80/P20	2.6		
Las Palmas	2021	Distribución de la renta P80/P20	2.8		
Las Palmas	2020	Distribución de la renta P80/P20	2.9		
Las Palmas	2019	Distribución de la renta P80/P20	2.7		
Las Palmas	2018	Distribución de la renta P80/P20	2.8		
Las Palmas	2017	Distribución de la renta P80/P20	3		
Las Palmas	2016	Distribución de la renta P80/P20	3.1		
Las Palmas	2015	Distribución de la renta P80/P20	3.1		
Lanzarote	2023	Índice de Gini	29.8		
Lanzarote	2022	Índice de Gini	30.6		
Lanzarote	2021	Índice de Gini	32.3		
Lanzarote	2020	Índice de Gini	32.6		
Lanzarote	2019	Índice de Gini	31		
Lanzarote	2018	Índice de Gini	31.3		
Lanzarote	2017	Índice de Gini	31.7		
Lanzarote	2016	Índice de Gini	33.3		
Lanzarote	2015	Índice de Gini	33.9		
Lanzarote	2023	Distribución de la renta P80/P20	2.4		
Lanzarote	2022	Distribución de la renta P80/P20	2.5		
Lanzarote	2021	Distribución de la renta P80/P20	2.7		
Lanzarote	2020	Distribución de la renta P80/P20	2.7		
Lanzarote	2019	Distribución de la renta P80/P20	2.6		
Lanzarote	2018	Distribución de la renta P80/P20	2.5		
Lanzarote	2017	Distribución de la renta P80/P20	2.7		
Lanzarote	2016	Distribución de la renta P80/P20	2.7		
Lanzarote	2015	Distribución de la renta P80/P20	3		
Arrecife	2023	Índice de Gini	28.7		
Arrecife	2022	Índice de Gini	29.5		
Arrecife	2021	Índice de Gini	31.5		
Arrecife	2020	Índice de Gini	31.9		
Arrecife	2019	Índice de Gini	30.2		
Arrecife	2018	Índice de Gini	30.1		
Arrecife	2017	Índice de Gini	30.6		
Arrecife	2016	Índice de Gini	32.1		
Arrecife	2015	Índice de Gini	33		
Arrecife	2023	Distribución de la renta P80/P20	2.4		
Arrecife	2022	Distribución de la renta P80/P20	2.4		
Arrecife	2021	Distribución de la renta P80/P20	2.6		
Arrecife	2020	Distribución de la renta P80/P20	2.7		
Arrecife	2019	Distribución de la renta P80/P20	2.4		
Arrecife	2018	Distribución de la renta P80/P20	2.5		
Arrecife	2017	Distribución de la renta P80/P20	2.6		
Arrecife	2016	Distribución de la renta P80/P20	2.8		
Arrecife	2015	Distribución de la renta P80/P20	2.7		
Haría	2023	Índice de Gini	29.2		
Haría	2022	Índice de Gini	30.4		
Haría	2021	Índice de Gini	30.8		
Haría	2020	Índice de Gini	31.6		
Haría	2019	Índice de Gini	30.1		
Haría	2018	Índice de Gini	31.4		
Haría	2017	Índice de Gini	32.2		
Haría	2016	Índice de Gini	33.1		
Haría	2015	Índice de Gini	33.5		
Haría	2023	Distribución de la renta P80/P20	2.5		
Haría	2022	Distribución de la renta P80/P20	2.6		
Haría	2021	Distribución de la renta P80/P20	2.8		
Haría	2020	Distribución de la renta P80/P20	2.6		
Haría	2019	Distribución de la renta P80/P20	2.7		
Haría	2018	Distribución de la renta P80/P20	2.6		
Haría	2017	Distribución de la renta P80/P20	2.7		
Haría	2016	Distribución de la renta P80/P20	2.7		
Haría	2015	Distribución de la renta P80/P20	2.7		
San Bartolomé	2023	Índice de Gini	27.8		
San Bartolomé	2022	Índice de Gini	28.9		
San Bartolomé	2021	Índice de Gini	30.7		
San Bartolomé	2020	Índice de Gini	31.1		
San Bartolomé	2019	Índice de Gini	29.3		
San Bartolomé	2018	Índice de Gini	29.9		
San Bartolomé	2017	Índice de Gini	30.5		
San Bartolomé	2016	Índice de Gini	32.6		
San Bartolomé	2015	Índice de Gini	32.6		
San Bartolomé	2023	Distribución de la renta P80/P20	2.3		
San Bartolomé	2022	Distribución de la renta P80/P20	2.4		
San Bartolomé	2021	Distribución de la renta P80/P20	2.5		
San Bartolomé	2020	Distribución de la renta P80/P20	2.6		
San Bartolomé	2019	Distribución de la renta P80/P20	2.5		
San Bartolomé	2018	Distribución de la renta P80/P20	2.6		
San Bartolomé	2017	Distribución de la renta P80/P20	2.6		
San Bartolomé	2016	Distribución de la renta P80/P20	2.7		
San Bartolomé	2015	Distribución de la renta P80/P20	2.9		
Teguise	2023	Índice de Gini	29.8		
Teguise	2022	Índice de Gini	30.1		
Teguise	2021	Índice de Gini	31		
Teguise	2020	Índice de Gini	31.9		
Teguise	2019	Índice de Gini	30.9		
Teguise	2018	Índice de Gini	31.3		
Teguise	2017	Índice de Gini	32.1		
Teguise	2016	Índice de Gini	33.1		
Teguise	2015	Índice de Gini	33.6		
Teguise	2023	Distribución de la renta P80/P20	2.4		
Teguise	2022	Distribución de la renta P80/P20	2.5		
Teguise	2021	Distribución de la renta P80/P20	2.6		
Teguise	2020	Distribución de la renta P80/P20	2.6		
Teguise	2019	Distribución de la renta P80/P20	2.7		
Teguise	2018	Distribución de la renta P80/P20	2.8		
Teguise	2017	Distribución de la renta P80/P20	2.8		
Teguise	2016	Distribución de la renta P80/P20	2.9		
Teguise	2015	Distribución de la renta P80/P20	2.9		
Tías	2023	Índice de Gini	33		
Tías	2022	Índice de Gini	34.1		
Tías	2021	Índice de Gini	35.9		
Tías	2020	Índice de Gini	35.4		
Tías	2019	Índice de Gini	34.8		
Tías	2018	Índice de Gini	34.9		
Tías	2017	Índice de Gini	35		
Tías	2016	Índice de Gini	36.8		
Tías	2015	Índice de Gini	37.5		
Tías	2023	Distribución de la renta P80/P20	2.8		
Tías	2022	Distribución de la renta P80/P20	3		
Tías	2021	Distribución de la renta P80/P20	3.2		
Tías	2020	Distribución de la renta P80/P20	3.2		
Tías	2019	Distribución de la renta P80/P20	2.8		
Tías	2018	Distribución de la renta P80/P20	3		
Tías	2017	Distribución de la renta P80/P20	3.1		
Tías	2016	Distribución de la renta P80/P20	3.4		
Tías	2015	Distribución de la renta P80/P20	3.2		
Tinajo	2023	Índice de Gini	25.5		
Tinajo	2022	Índice de Gini	26		
Tinajo	2021	Índice de Gini	27.1		
Tinajo	2020	Índice de Gini	26.7		
Tinajo	2019	Índice de Gini	26.3		
Tinajo	2018	Índice de Gini	26.9		
Tinajo	2017	Índice de Gini	27.8		
Tinajo	2016	Índice de Gini	28.6		
Tinajo	2015	Índice de Gini	28.9		
Tinajo	2023	Distribución de la renta P80/P20	2.1		
Tinajo	2022	Distribución de la renta P80/P20	2.1		
Tinajo	2021	Distribución de la renta P80/P20	2.2		
Tinajo	2020	Distribución de la renta P80/P20	2.2		
Tinajo	2019	Distribución de la renta P80/P20	2.1		
Tinajo	2018	Distribución de la renta P80/P20	2.2		
Tinajo	2017	Distribución de la renta P80/P20	2.3		
Tinajo	2016	Distribución de la renta P80/P20	2.3		
Tinajo	2015	Distribución de la renta P80/P20	2.5		
Yaiza	2023	Índice de Gini	29.7		
Yaiza	2022	Índice de Gini	30.5		
Yaiza	2021	Índice de Gini	32.2		
Yaiza	2020	Índice de Gini	32.1		
Yaiza	2019	Índice de Gini	30.5		
Yaiza	2018	Índice de Gini	31		
Yaiza	2017	Índice de Gini	31.3		
Yaiza	2016	Índice de Gini	33.1		
Yaiza	2015	Índice de Gini	33.1		
Yaiza	2023	Distribución de la renta P80/P20	2.3		
Yaiza	2022	Distribución de la renta P80/P20	2.5		
Yaiza	2021	Distribución de la renta P80/P20	2.7		
Yaiza	2020	Distribución de la renta P80/P20	2.7		
Yaiza	2019	Distribución de la renta P80/P20	2.5		
Yaiza	2018	Distribución de la renta P80/P20	2.7		
Yaiza	2017	Distribución de la renta P80/P20	2.6		
Yaiza	2016	Distribución de la renta P80/P20	2.6		
Yaiza	2015	Distribución de la renta P80/P20	2.9		
Fuerteventura	2023	Índice de Gini	30.5		
Fuerteventura	2022	Índice de Gini	31.4		
Fuerteventura	2021	Índice de Gini	32.8		
Fuerteventura	2020	Índice de Gini	32.9		
Fuerteventura	2019	Índice de Gini	31.6		
Fuerteventura	2018	Índice de Gini	31.5		
Fuerteventura	2017	Índice de Gini	31.8		
Fuerteventura	2016	Índice de Gini	33.6		
Fuerteventura	2015	Índice de Gini	33.8		
Fuerteventura	2023	Distribución de la renta P80/P20	2.6		
Fuerteventura	2022	Distribución de la renta P80/P20	2.6		
Fuerteventura	2021	Distribución de la renta P80/P20	2.8		
Fuerteventura	2020	Distribución de la renta P80/P20	2.9		
Fuerteventura	2019	Distribución de la renta P80/P20	2.5		
Fuerteventura	2018	Distribución de la renta P80/P20	2.7		
Fuerteventura	2017	Distribución de la renta P80/P20	2.6		
Fuerteventura	2016	Distribución de la renta P80/P20	3		
Fuerteventura	2015	Distribución de la renta P80/P20	3		
Antigua	2023	Índice de Gini	34.3		
Antigua	2022	Índice de Gini	35.4		
Antigua	2021	Índice de Gini	36.8		
Antigua	2020	Índice de Gini	37		
Antigua	2019	Índice de Gini	36.6		
Antigua	2018	Índice de Gini	36.9		
Antigua	2017	Índice de Gini	37.3		
Antigua	2016	Índice de Gini	38.2		
Antigua	2015	Índice de Gini	38.1		
Antigua	2023	Distribución de la renta P80/P20	3		
Antigua	2022	Distribución de la renta P80/P20	3.1		
Antigua	2021	Distribución de la renta P80/P20	3.3		
Antigua	2020	Distribución de la renta P80/P20	3.5		
Antigua	2019	Distribución de la renta P80/P20	3.2		
Antigua	2018	Distribución de la renta P80/P20	3.5		
Antigua	2017	Distribución de la renta P80/P20	3.7		
Antigua	2016	Distribución de la renta P80/P20	3.7		
Antigua	2015	Distribución de la renta P80/P20	3.5		
Betancuria	2023	Índice de Gini	28.4		
Betancuria	2022	Índice de Gini	32.9		
Betancuria	2021	Índice de Gini	30		
Betancuria	2020	Índice de Gini	31.1		
Betancuria	2019	Índice de Gini	32.6		
Betancuria	2018	Índice de Gini	28.2		
Betancuria	2017	Índice de Gini	28.5		
Betancuria	2016	Índice de Gini	32.5		
Betancuria	2015	Índice de Gini	31.8		
Betancuria	2023	Distribución de la renta P80/P20	2.5		
Betancuria	2022	Distribución de la renta P80/P20	2.4		
Betancuria	2021	Distribución de la renta P80/P20	2.6		
Betancuria	2020	Distribución de la renta P80/P20	2.6		
Betancuria	2019	Distribución de la renta P80/P20	2.4		
Betancuria	2018	Distribución de la renta P80/P20	2.6		
Betancuria	2017	Distribución de la renta P80/P20	2.5		
Betancuria	2016	Distribución de la renta P80/P20	2.7		
Betancuria	2015	Distribución de la renta P80/P20	2.6		
La Oliva	2023	Índice de Gini	34.3		
La Oliva	2022	Índice de Gini	34.9		
La Oliva	2021	Índice de Gini	36.1		
La Oliva	2020	Índice de Gini	36.1		
La Oliva	2019	Índice de Gini	35		
La Oliva	2018	Índice de Gini	35.4		
La Oliva	2017	Índice de Gini	35.6		
La Oliva	2016	Índice de Gini	38.4		
La Oliva	2015	Índice de Gini	38		
La Oliva	2023	Distribución de la renta P80/P20	2.9		
La Oliva	2022	Distribución de la renta P80/P20	3		
La Oliva	2021	Distribución de la renta P80/P20	3.2		
La Oliva	2020	Distribución de la renta P80/P20	3.4		
La Oliva	2019	Distribución de la renta P80/P20	3.1		
La Oliva	2018	Distribución de la renta P80/P20	3		
La Oliva	2017	Distribución de la renta P80/P20	3.2		
La Oliva	2016	Distribución de la renta P80/P20	3.9		
La Oliva	2015	Distribución de la renta P80/P20	3.9		
Pájara	2023	Índice de Gini	26.4		
Pájara	2022	Índice de Gini	27.7		
Pájara	2021	Índice de Gini	29.3		
Pájara	2020	Índice de Gini	29.4		
Pájara	2019	Índice de Gini	27.5		
Pájara	2018	Índice de Gini	27.5		
Pájara	2017	Índice de Gini	27.7		
Pájara	2016	Índice de Gini	28.1		
Pájara	2015	Índice de Gini	28.6		
Pájara	2023	Distribución de la renta P80/P20	2.3		
Pájara	2022	Distribución de la renta P80/P20	2.5		
Pájara	2021	Distribución de la renta P80/P20	2.6		
Pájara	2020	Distribución de la renta P80/P20	2.4		
Pájara	2019	Distribución de la renta P80/P20	2.3		
Pájara	2018	Distribución de la renta P80/P20	2.4		
Pájara	2017	Distribución de la renta P80/P20	2.4		
Pájara	2016	Distribución de la renta P80/P20	2.5		
Pájara	2015	Distribución de la renta P80/P20	2.4		
Puerto del Rosario	2023	Índice de Gini	30.3		
Puerto del Rosario	2022	Índice de Gini	31		
Puerto del Rosario	2021	Índice de Gini	32.3		
Puerto del Rosario	2020	Índice de Gini	32.6		
Puerto del Rosario	2019	Índice de Gini	31.6		
Puerto del Rosario	2018	Índice de Gini	31.3		
Puerto del Rosario	2017	Índice de Gini	31.7		
Puerto del Rosario	2016	Índice de Gini	33.4		
Puerto del Rosario	2015	Índice de Gini	34.1		
Puerto del Rosario	2023	Distribución de la renta P80/P20	2.6		
Puerto del Rosario	2022	Distribución de la renta P80/P20	2.7		
Puerto del Rosario	2021	Distribución de la renta P80/P20	2.8		
Puerto del Rosario	2020	Distribución de la renta P80/P20	2.9		
Puerto del Rosario	2019	Distribución de la renta P80/P20	2.8		
Puerto del Rosario	2018	Distribución de la renta P80/P20	2.6		
Puerto del Rosario	2017	Distribución de la renta P80/P20	2.7		
Puerto del Rosario	2016	Distribución de la renta P80/P20	2.9		
Puerto del Rosario	2015	Distribución de la renta P80/P20	2.9		
Tuineje	2023	Índice de Gini	26.7		
Tuineje	2022	Índice de Gini	27.8		
Tuineje	2021	Índice de Gini	29		
Tuineje	2020	Índice de Gini	28.2		
Tuineje	2019	Índice de Gini	26.5		
Tuineje	2018	Índice de Gini	25.8		
Tuineje	2017	Índice de Gini	26.1		
Tuineje	2016	Índice de Gini	27.5		
Tuineje	2015	Índice de Gini	28.5		
Tuineje	2023	Distribución de la renta P80/P20	2.1		
Tuineje	2022	Distribución de la renta P80/P20	2.3		
Tuineje	2021	Distribución de la renta P80/P20	2.3		
Tuineje	2020	Distribución de la renta P80/P20	2.3		
Tuineje	2019	Distribución de la renta P80/P20	2.2		
Tuineje	2018	Distribución de la renta P80/P20	2.1		
Tuineje	2017	Distribución de la renta P80/P20	2.2		
Tuineje	2016	Distribución de la renta P80/P20	2.3		
Tuineje	2015	Distribución de la renta P80/P20	2.3		
Gran Canaria	2023	Índice de Gini	31.6		
Gran Canaria	2022	Índice de Gini	32.4		
Gran Canaria	2021	Índice de Gini	32.9		
Gran Canaria	2020	Índice de Gini	33.4		
Gran Canaria	2019	Índice de Gini	33.3		
Gran Canaria	2018	Índice de Gini	33.9		
Gran Canaria	2017	Índice de Gini	34.4		
Gran Canaria	2016	Índice de Gini	35.7		
Gran Canaria	2015	Índice de Gini	36.1		
Gran Canaria	2023	Distribución de la renta P80/P20	2.6		
Gran Canaria	2022	Distribución de la renta P80/P20	2.7		
Gran Canaria	2021	Distribución de la renta P80/P20	2.8		
Gran Canaria	2020	Distribución de la renta P80/P20	2.8		
Gran Canaria	2019	Distribución de la renta P80/P20	2.8		
Gran Canaria	2018	Distribución de la renta P80/P20	2.8		
Gran Canaria	2017	Distribución de la renta P80/P20	3		
Gran Canaria	2016	Distribución de la renta P80/P20	3.2		
Gran Canaria	2015	Distribución de la renta P80/P20	3.1		
Agaete	2023	Índice de Gini	27.9		
Agaete	2022	Índice de Gini	28.8		
Agaete	2021	Índice de Gini	29.5		
Agaete	2020	Índice de Gini	29.9		
Agaete	2019	Índice de Gini	30.1		
Agaete	2018	Índice de Gini	30.3		
Agaete	2017	Índice de Gini	30.9		
Agaete	2016	Índice de Gini	33.2		
Agaete	2015	Índice de Gini	32.9		
Agaete	2023	Distribución de la renta P80/P20	2.4		
Agaete	2022	Distribución de la renta P80/P20	2.4		
Agaete	2021	Distribución de la renta P80/P20	2.6		
Agaete	2020	Distribución de la renta P80/P20	2.5		
Agaete	2019	Distribución de la renta P80/P20	2.7		
Agaete	2018	Distribución de la renta P80/P20	2.5		
Agaete	2017	Distribución de la renta P80/P20	2.7		
Agaete	2016	Distribución de la renta P80/P20	2.7		
Agaete	2015	Distribución de la renta P80/P20	2.6		
Agüimes	2023	Índice de Gini	27.1		
Agüimes	2022	Índice de Gini	28		
Agüimes	2021	Índice de Gini	28.6		
Agüimes	2020	Índice de Gini	29.4		
Agüimes	2019	Índice de Gini	28.2		
Agüimes	2018	Índice de Gini	28.9		
Agüimes	2017	Índice de Gini	29.5		
Agüimes	2016	Índice de Gini	30.5		
Agüimes	2015	Índice de Gini	31.2		
Agüimes	2023	Distribución de la renta P80/P20	2.3		
Agüimes	2022	Distribución de la renta P80/P20	2.3		
Agüimes	2021	Distribución de la renta P80/P20	2.5		
Agüimes	2020	Distribución de la renta P80/P20	2.5		
Agüimes	2019	Distribución de la renta P80/P20	2.4		
Agüimes	2018	Distribución de la renta P80/P20	2.4		
Agüimes	2017	Distribución de la renta P80/P20	2.6		
Agüimes	2016	Distribución de la renta P80/P20	2.7		
Agüimes	2015	Distribución de la renta P80/P20	2.6		
Artenara	2023	Índice de Gini	26.6		
Artenara	2022	Índice de Gini	28.4		
Artenara	2021	Índice de Gini	29		
Artenara	2020	Índice de Gini	27.7		
Artenara	2019	Índice de Gini	27		
Artenara	2018	Índice de Gini	27.6		
Artenara	2017	Índice de Gini	28.3		
Artenara	2016	Índice de Gini	29.4		
Artenara	2015	Índice de Gini	29		
Artenara	2023	Distribución de la renta P80/P20	2.2		
Artenara	2022	Distribución de la renta P80/P20	2.4		
Artenara	2021	Distribución de la renta P80/P20	2.7		
Artenara	2020	Distribución de la renta P80/P20	2.4		
Artenara	2019	Distribución de la renta P80/P20	2.4		
Artenara	2018	Distribución de la renta P80/P20	2.5		
Artenara	2017	Distribución de la renta P80/P20	2.5		
Artenara	2016	Distribución de la renta P80/P20	2.7		
Artenara	2015	Distribución de la renta P80/P20	2.6		
Arucas	2023	Índice de Gini	27.9		
Arucas	2022	Índice de Gini	28.8		
Arucas	2021	Índice de Gini	29.2		
Arucas	2020	Índice de Gini	29.6		
Arucas	2019	Índice de Gini	29.6		
Arucas	2018	Índice de Gini	30.2		
Arucas	2017	Índice de Gini	30.7		
Arucas	2016	Índice de Gini	32.1		
Arucas	2015	Índice de Gini	32.6		
Arucas	2023	Distribución de la renta P80/P20	2.5		
Arucas	2022	Distribución de la renta P80/P20	2.5		
Arucas	2021	Distribución de la renta P80/P20	2.5		
Arucas	2020	Distribución de la renta P80/P20	2.6		
Arucas	2019	Distribución de la renta P80/P20	2.6		
Arucas	2018	Distribución de la renta P80/P20	2.6		
Arucas	2017	Distribución de la renta P80/P20	2.7		
Arucas	2016	Distribución de la renta P80/P20	2.9		
Arucas	2015	Distribución de la renta P80/P20	2.8		
Firgas	2023	Índice de Gini	26.5		
Firgas	2022	Índice de Gini	27.8		
Firgas	2021	Índice de Gini	27.8		
Firgas	2020	Índice de Gini	28.3		
Firgas	2019	Índice de Gini	28.2		
Firgas	2018	Índice de Gini	29.3		
Firgas	2017	Índice de Gini	30.2		
Firgas	2016	Índice de Gini	31.2		
Firgas	2015	Índice de Gini	31.9		
Firgas	2023	Distribución de la renta P80/P20	2.3		
Firgas	2022	Distribución de la renta P80/P20	2.4		
Firgas	2021	Distribución de la renta P80/P20	2.5		
Firgas	2020	Distribución de la renta P80/P20	2.5		
Firgas	2019	Distribución de la renta P80/P20	2.4		
Firgas	2018	Distribución de la renta P80/P20	2.5		
Firgas	2017	Distribución de la renta P80/P20	2.6		
Firgas	2016	Distribución de la renta P80/P20	2.8		
Firgas	2015	Distribución de la renta P80/P20	2.7		
Gáldar	2023	Índice de Gini	27.6		
Gáldar	2022	Índice de Gini	28.1		
Gáldar	2021	Índice de Gini	28		
Gáldar	2020	Índice de Gini	28.6		
Gáldar	2019	Índice de Gini	28.9		
Gáldar	2018	Índice de Gini	29.4		
Gáldar	2017	Índice de Gini	29.8		
Gáldar	2016	Índice de Gini	30.9		
Gáldar	2015	Índice de Gini	31.5		
Gáldar	2023	Distribución de la renta P80/P20	2.3		
Gáldar	2022	Distribución de la renta P80/P20	2.5		
Gáldar	2021	Distribución de la renta P80/P20	2.4		
Gáldar	2020	Distribución de la renta P80/P20	2.3		
Gáldar	2019	Distribución de la renta P80/P20	2.3		
Gáldar	2018	Distribución de la renta P80/P20	2.4		
Gáldar	2017	Distribución de la renta P80/P20	2.5		
Gáldar	2016	Distribución de la renta P80/P20	2.6		
Gáldar	2015	Distribución de la renta P80/P20	2.5		
Ingenio	2023	Índice de Gini	25.9		
Ingenio	2022	Índice de Gini	26.6		
Ingenio	2021	Índice de Gini	27.5		
Ingenio	2020	Índice de Gini	27.8		
Ingenio	2019	Índice de Gini	27.4		
Ingenio	2018	Índice de Gini	28		
Ingenio	2017	Índice de Gini	28		
Ingenio	2016	Índice de Gini	29		
Ingenio	2015	Índice de Gini	29.9		
Ingenio	2023	Distribución de la renta P80/P20	2.2		
Ingenio	2022	Distribución de la renta P80/P20	2.2		
Ingenio	2021	Distribución de la renta P80/P20	2.3		
Ingenio	2020	Distribución de la renta P80/P20	2.4		
Ingenio	2019	Distribución de la renta P80/P20	2.3		
Ingenio	2018	Distribución de la renta P80/P20	2.4		
Ingenio	2017	Distribución de la renta P80/P20	2.5		
Ingenio	2016	Distribución de la renta P80/P20	2.4		
Ingenio	2015	Distribución de la renta P80/P20	2.5		
Mogán	2023	Índice de Gini	31.1		
Mogán	2022	Índice de Gini	31.7		
Mogán	2021	Índice de Gini	32.8		
Mogán	2020	Índice de Gini	32.2		
Mogán	2019	Índice de Gini	31.3		
Mogán	2018	Índice de Gini	32		
Mogán	2017	Índice de Gini	32.2		
Mogán	2016	Índice de Gini	34.7		
Mogán	2015	Índice de Gini	34.7		
Mogán	2023	Distribución de la renta P80/P20	2.6		
Mogán	2022	Distribución de la renta P80/P20	2.6		
Mogán	2021	Distribución de la renta P80/P20	2.7		
Mogán	2020	Distribución de la renta P80/P20	2.6		
Mogán	2019	Distribución de la renta P80/P20	2.6		
Mogán	2018	Distribución de la renta P80/P20	2.7		
Mogán	2017	Distribución de la renta P80/P20	2.6		
Mogán	2016	Distribución de la renta P80/P20	3		
Mogán	2015	Distribución de la renta P80/P20	3		
Moya	2023	Índice de Gini	30.1		
Moya	2022	Índice de Gini	30.8		
Moya	2021	Índice de Gini	30.5		
Moya	2020	Índice de Gini	30.7		
Moya	2019	Índice de Gini	30.9		
Moya	2018	Índice de Gini	30.7		
Moya	2017	Índice de Gini	31.4		
Moya	2016	Índice de Gini	32.3		
Moya	2015	Índice de Gini	32.2		
Moya	2023	Distribución de la renta P80/P20	2.5		
Moya	2022	Distribución de la renta P80/P20	2.6		
Moya	2021	Distribución de la renta P80/P20	2.5		
Moya	2020	Distribución de la renta P80/P20	2.5		
Moya	2019	Distribución de la renta P80/P20	2.5		
Moya	2018	Distribución de la renta P80/P20	2.6		
Moya	2017	Distribución de la renta P80/P20	2.7		
Moya	2016	Distribución de la renta P80/P20	2.9		
Moya	2015	Distribución de la renta P80/P20	2.8		
Las Palmas de Gran Canaria	2023	Índice de Gini	34.2		
Las Palmas de Gran Canaria	2022	Índice de Gini	34.8		
Las Palmas de Gran Canaria	2021	Índice de Gini	35		
Las Palmas de Gran Canaria	2020	Índice de Gini	35.8		
Las Palmas de Gran Canaria	2019	Índice de Gini	35.9		
Las Palmas de Gran Canaria	2018	Índice de Gini	36.5		
Las Palmas de Gran Canaria	2017	Índice de Gini	37		
Las Palmas de Gran Canaria	2016	Índice de Gini	38.1		
Las Palmas de Gran Canaria	2015	Índice de Gini	38.5		
Las Palmas de Gran Canaria	2023	Distribución de la renta P80/P20	2.9		
Las Palmas de Gran Canaria	2022	Distribución de la renta P80/P20	3.1		
Las Palmas de Gran Canaria	2021	Distribución de la renta P80/P20	3.2		
Las Palmas de Gran Canaria	2020	Distribución de la renta P80/P20	3		
Las Palmas de Gran Canaria	2019	Distribución de la renta P80/P20	3		
Las Palmas de Gran Canaria	2018	Distribución de la renta P80/P20	3.2		
Las Palmas de Gran Canaria	2017	Distribución de la renta P80/P20	3.3		
Las Palmas de Gran Canaria	2016	Distribución de la renta P80/P20	3.5		
Las Palmas de Gran Canaria	2015	Distribución de la renta P80/P20	3.5		
San Bartolomé de Tirajana	2023	Índice de Gini	32.7		
San Bartolomé de Tirajana	2022	Índice de Gini	33.3		
San Bartolomé de Tirajana	2021	Índice de Gini	34.6		
San Bartolomé de Tirajana	2020	Índice de Gini	34.1		
San Bartolomé de Tirajana	2019	Índice de Gini	33.5		
San Bartolomé de Tirajana	2018	Índice de Gini	34.1		
San Bartolomé de Tirajana	2017	Índice de Gini	34.7		
San Bartolomé de Tirajana	2016	Índice de Gini	36.3		
San Bartolomé de Tirajana	2015	Índice de Gini	36.2		
San Bartolomé de Tirajana	2023	Distribución de la renta P80/P20	2.6		
San Bartolomé de Tirajana	2022	Distribución de la renta P80/P20	2.6		
San Bartolomé de Tirajana	2021	Distribución de la renta P80/P20	2.8		
San Bartolomé de Tirajana	2020	Distribución de la renta P80/P20	2.9		
San Bartolomé de Tirajana	2019	Distribución de la renta P80/P20	2.8		
San Bartolomé de Tirajana	2018	Distribución de la renta P80/P20	3		
San Bartolomé de Tirajana	2017	Distribución de la renta P80/P20	2.8		
San Bartolomé de Tirajana	2016	Distribución de la renta P80/P20	3		
San Bartolomé de Tirajana	2015	Distribución de la renta P80/P20	3.2		
La Aldea de San Nicolás	2023	Índice de Gini	27		
La Aldea de San Nicolás	2022	Índice de Gini	27.9		
La Aldea de San Nicolás	2021	Índice de Gini	27.6		
La Aldea de San Nicolás	2020	Índice de Gini	27		
La Aldea de San Nicolás	2019	Índice de Gini	27.1		
La Aldea de San Nicolás	2018	Índice de Gini	28		
La Aldea de San Nicolás	2017	Índice de Gini	28.4		
La Aldea de San Nicolás	2016	Índice de Gini	29.8		
La Aldea de San Nicolás	2015	Índice de Gini	29.7		
La Aldea de San Nicolás	2023	Distribución de la renta P80/P20	2.2		
La Aldea de San Nicolás	2022	Distribución de la renta P80/P20	2.3		
La Aldea de San Nicolás	2021	Distribución de la renta P80/P20	2.3		
La Aldea de San Nicolás	2020	Distribución de la renta P80/P20	2.2		
La Aldea de San Nicolás	2019	Distribución de la renta P80/P20	2.1		
La Aldea de San Nicolás	2018	Distribución de la renta P80/P20	2.2		
La Aldea de San Nicolás	2017	Distribución de la renta P80/P20	2.3		
La Aldea de San Nicolás	2016	Distribución de la renta P80/P20	2.5		
La Aldea de San Nicolás	2015	Distribución de la renta P80/P20	2.4		
Santa Brígida	2023	Índice de Gini	35.4		
Santa Brígida	2022	Índice de Gini	35.7		
Santa Brígida	2021	Índice de Gini	34.9		
Santa Brígida	2020	Índice de Gini	36.2		
Santa Brígida	2019	Índice de Gini	36.6		
Santa Brígida	2018	Índice de Gini	37.6		
Santa Brígida	2017	Índice de Gini	38.3		
Santa Brígida	2016	Índice de Gini	38.7		
Santa Brígida	2015	Índice de Gini	38.8		
Santa Brígida	2023	Distribución de la renta P80/P20	3.1		
Santa Brígida	2022	Distribución de la renta P80/P20	3.1		
Santa Brígida	2021	Distribución de la renta P80/P20	3		
Santa Brígida	2020	Distribución de la renta P80/P20	3.1		
Santa Brígida	2019	Distribución de la renta P80/P20	3.1		
Santa Brígida	2018	Distribución de la renta P80/P20	3.2		
Santa Brígida	2017	Distribución de la renta P80/P20	3.6		
Santa Brígida	2016	Distribución de la renta P80/P20	3.5		
Santa Brígida	2015	Distribución de la renta P80/P20	3.8		
Santa Lucía de Tirajana	2023	Índice de Gini	27.3		
Santa Lucía de Tirajana	2022	Índice de Gini	28.4		
Santa Lucía de Tirajana	2021	Índice de Gini	29.5		
Santa Lucía de Tirajana	2020	Índice de Gini	29.9		
Santa Lucía de Tirajana	2019	Índice de Gini	29		
Santa Lucía de Tirajana	2018	Índice de Gini	29.3		
Santa Lucía de Tirajana	2017	Índice de Gini	29.8		
Santa Lucía de Tirajana	2016	Índice de Gini	31.2		
Santa Lucía de Tirajana	2015	Índice de Gini	31.5		
Santa Lucía de Tirajana	2023	Distribución de la renta P80/P20	2.3		
Santa Lucía de Tirajana	2022	Distribución de la renta P80/P20	2.5		
Santa Lucía de Tirajana	2021	Distribución de la renta P80/P20	2.5		
Santa Lucía de Tirajana	2020	Distribución de la renta P80/P20	2.6		
Santa Lucía de Tirajana	2019	Distribución de la renta P80/P20	2.5		
Santa Lucía de Tirajana	2018	Distribución de la renta P80/P20	2.5		
Santa Lucía de Tirajana	2017	Distribución de la renta P80/P20	2.5		
Santa Lucía de Tirajana	2016	Distribución de la renta P80/P20	2.6		
Santa Lucía de Tirajana	2015	Distribución de la renta P80/P20	2.6		
Santa María de Guía de Gran Canaria	2023	Índice de Gini	27.8		
Santa María de Guía de Gran Canaria	2022	Índice de Gini	28.3		
Santa María de Guía de Gran Canaria	2021	Índice de Gini	28.6		
Santa María de Guía de Gran Canaria	2020	Índice de Gini	28.8		
Santa María de Guía de Gran Canaria	2019	Índice de Gini	28.9		
Santa María de Guía de Gran Canaria	2018	Índice de Gini	29.6		
Santa María de Guía de Gran Canaria	2017	Índice de Gini	29.9		
Santa María de Guía de Gran Canaria	2016	Índice de Gini	31		
Santa María de Guía de Gran Canaria	2015	Índice de Gini	31.7		
Santa María de Guía de Gran Canaria	2023	Distribución de la renta P80/P20	2.5		
Santa María de Guía de Gran Canaria	2022	Distribución de la renta P80/P20	2.5		
Santa María de Guía de Gran Canaria	2021	Distribución de la renta P80/P20	2.6		
Santa María de Guía de Gran Canaria	2020	Distribución de la renta P80/P20	2.4		
Santa María de Guía de Gran Canaria	2019	Distribución de la renta P80/P20	2.4		
Santa María de Guía de Gran Canaria	2018	Distribución de la renta P80/P20	2.4		
Santa María de Guía de Gran Canaria	2017	Distribución de la renta P80/P20	2.5		
Santa María de Guía de Gran Canaria	2016	Distribución de la renta P80/P20	2.6		
Santa María de Guía de Gran Canaria	2015	Distribución de la renta P80/P20	2.8		
Tejeda	2023	Índice de Gini	29.7		
Tejeda	2022	Índice de Gini	30.9		
Tejeda	2021	Índice de Gini	30.3		
Tejeda	2020	Índice de Gini	31.4		
Tejeda	2019	Índice de Gini	31.7		
Tejeda	2018	Índice de Gini	32.2		
Tejeda	2017	Índice de Gini	32		
Tejeda	2016	Índice de Gini	33.2		
Tejeda	2015	Índice de Gini	33.5		
Tejeda	2023	Distribución de la renta P80/P20	2.6		
Tejeda	2022	Distribución de la renta P80/P20	2.9		
Tejeda	2021	Distribución de la renta P80/P20	2.6		
Tejeda	2020	Distribución de la renta P80/P20	2.6		
Tejeda	2019	Distribución de la renta P80/P20	2.6		
Tejeda	2018	Distribución de la renta P80/P20	2.8		
Tejeda	2017	Distribución de la renta P80/P20	2.8		
Tejeda	2016	Distribución de la renta P80/P20	2.7		
Tejeda	2015	Distribución de la renta P80/P20	3.1		
Telde	2023	Índice de Gini	28.9		
Telde	2022	Índice de Gini	29.8		
Telde	2021	Índice de Gini	30.4		
Telde	2020	Índice de Gini	30.8		
Telde	2019	Índice de Gini	30.6		
Telde	2018	Índice de Gini	31.3		
Telde	2017	Índice de Gini	32		
Telde	2016	Índice de Gini	33		
Telde	2015	Índice de Gini	33.8		
Telde	2023	Distribución de la renta P80/P20	2.5		
Telde	2022	Distribución de la renta P80/P20	2.5		
Telde	2021	Distribución de la renta P80/P20	2.5		
Telde	2020	Distribución de la renta P80/P20	2.5		
Telde	2019	Distribución de la renta P80/P20	2.5		
Telde	2018	Distribución de la renta P80/P20	2.7		
Telde	2017	Distribución de la renta P80/P20	2.8		
Telde	2016	Distribución de la renta P80/P20	3		
Telde	2015	Distribución de la renta P80/P20	2.9		
Teror	2023	Índice de Gini	28.9		
Teror	2022	Índice de Gini	29.6		
Teror	2021	Índice de Gini	29.8		
Teror	2020	Índice de Gini	30.7		
Teror	2019	Índice de Gini	30.8		
Teror	2018	Índice de Gini	31.3		
Teror	2017	Índice de Gini	31.8		
Teror	2016	Índice de Gini	32.9		
Teror	2015	Índice de Gini	33.1		
Teror	2023	Distribución de la renta P80/P20	2.4		
Teror	2022	Distribución de la renta P80/P20	2.5		
Teror	2021	Distribución de la renta P80/P20	2.6		
Teror	2020	Distribución de la renta P80/P20	2.7		
Teror	2019	Distribución de la renta P80/P20	2.6		
Teror	2018	Distribución de la renta P80/P20	2.7		
Teror	2017	Distribución de la renta P80/P20	2.9		
Teror	2016	Distribución de la renta P80/P20	2.8		
Teror	2015	Distribución de la renta P80/P20	2.7		
Valsequillo de Gran Canaria	2023	Índice de Gini	28.4		
Valsequillo de Gran Canaria	2022	Índice de Gini	29.6		
Valsequillo de Gran Canaria	2021	Índice de Gini	29.5		
Valsequillo de Gran Canaria	2020	Índice de Gini	29.6		
Valsequillo de Gran Canaria	2019	Índice de Gini	29.6		
Valsequillo de Gran Canaria	2018	Índice de Gini	30.1		
Valsequillo de Gran Canaria	2017	Índice de Gini	31.3		
Valsequillo de Gran Canaria	2016	Índice de Gini	32		
Valsequillo de Gran Canaria	2015	Índice de Gini	32.5		
Valsequillo de Gran Canaria	2023	Distribución de la renta P80/P20	2.4		
Valsequillo de Gran Canaria	2022	Distribución de la renta P80/P20	2.6		
Valsequillo de Gran Canaria	2021	Distribución de la renta P80/P20	2.6		
Valsequillo de Gran Canaria	2020	Distribución de la renta P80/P20	2.5		
Valsequillo de Gran Canaria	2019	Distribución de la renta P80/P20	2.4		
Valsequillo de Gran Canaria	2018	Distribución de la renta P80/P20	2.5		
Valsequillo de Gran Canaria	2017	Distribución de la renta P80/P20	2.6		
Valsequillo de Gran Canaria	2016	Distribución de la renta P80/P20	2.7		
Valsequillo de Gran Canaria	2015	Distribución de la renta P80/P20	2.7		
Valleseco	2023	Índice de Gini	27.9		
Valleseco	2022	Índice de Gini	28.6		
Valleseco	2021	Índice de Gini	28.9		
Valleseco	2020	Índice de Gini	28.7		
Valleseco	2019	Índice de Gini	29.3		
Valleseco	2018	Índice de Gini	30.1		
Valleseco	2017	Índice de Gini	31.2		
Valleseco	2016	Índice de Gini	31.8		
Valleseco	2015	Índice de Gini	31.2		
Valleseco	2023	Distribución de la renta P80/P20	2.3		
Valleseco	2022	Distribución de la renta P80/P20	2.4		
Valleseco	2021	Distribución de la renta P80/P20	2.5		
Valleseco	2020	Distribución de la renta P80/P20	2.3		
Valleseco	2019	Distribución de la renta P80/P20	2.4		
Valleseco	2018	Distribución de la renta P80/P20	2.6		
Valleseco	2017	Distribución de la renta P80/P20	2.7		
Valleseco	2016	Distribución de la renta P80/P20	2.6		
Valleseco	2015	Distribución de la renta P80/P20	2.7		
Vega de San Mateo	2023	Índice de Gini	29.2		
Vega de San Mateo	2022	Índice de Gini	30.6		
Vega de San Mateo	2021	Índice de Gini	31		
Vega de San Mateo	2020	Índice de Gini	31.2		
Vega de San Mateo	2019	Índice de Gini	31		
Vega de San Mateo	2018	Índice de Gini	32		
Vega de San Mateo	2017	Índice de Gini	31.8		
Vega de San Mateo	2016	Índice de Gini	33.6		
Vega de San Mateo	2015	Índice de Gini	33.4		
Vega de San Mateo	2023	Distribución de la renta P80/P20	2.4		
Vega de San Mateo	2022	Distribución de la renta P80/P20	2.6		
Vega de San Mateo	2021	Distribución de la renta P80/P20	2.5		
Vega de San Mateo	2020	Distribución de la renta P80/P20	2.6		
Vega de San Mateo	2019	Distribución de la renta P80/P20	2.6		
Vega de San Mateo	2018	Distribución de la renta P80/P20	2.7		
Vega de San Mateo	2017	Distribución de la renta P80/P20	2.8		
Vega de San Mateo	2016	Distribución de la renta P80/P20	3		
Vega de San Mateo	2015	Distribución de la renta P80/P20	2.9		
Santa Cruz de Tenerife	2023	Índice de Gini	32.1		
Santa Cruz de Tenerife	2022	Índice de Gini	32.9		
Santa Cruz de Tenerife	2021	Índice de Gini	33.6		
Santa Cruz de Tenerife	2020	Índice de Gini	34.2		
Santa Cruz de Tenerife	2019	Índice de Gini	33.8		
Santa Cruz de Tenerife	2018	Índice de Gini	34.7		
Santa Cruz de Tenerife	2017	Índice de Gini	35.1		
Santa Cruz de Tenerife	2016	Índice de Gini	36.5		
Santa Cruz de Tenerife	2015	Índice de Gini	36.8		
Santa Cruz de Tenerife	2023	Distribución de la renta P80/P20	2.7		
Santa Cruz de Tenerife	2022	Distribución de la renta P80/P20	2.7		
Santa Cruz de Tenerife	2021	Distribución de la renta P80/P20	2.9		
Santa Cruz de Tenerife	2020	Distribución de la renta P80/P20	2.8		
Santa Cruz de Tenerife	2019	Distribución de la renta P80/P20	2.8		
Santa Cruz de Tenerife	2018	Distribución de la renta P80/P20	3		
Santa Cruz de Tenerife	2017	Distribución de la renta P80/P20	2.8		
Santa Cruz de Tenerife	2016	Distribución de la renta P80/P20	3.4		
Santa Cruz de Tenerife	2015	Distribución de la renta P80/P20	3.4		
Tenerife	2023	Índice de Gini	32		
Tenerife	2022	Índice de Gini	32.9		
Tenerife	2021	Índice de Gini	33.8		
Tenerife	2020	Índice de Gini	34.4		
Tenerife	2019	Índice de Gini	33.9		
Tenerife	2018	Índice de Gini	34.8		
Tenerife	2017	Índice de Gini	35.2		
Tenerife	2016	Índice de Gini	36.7		
Tenerife	2015	Índice de Gini	36.9		
Tenerife	2023	Distribución de la renta P80/P20	2.7		
Tenerife	2022	Distribución de la renta P80/P20	2.7		
Tenerife	2021	Distribución de la renta P80/P20	2.9		
Tenerife	2020	Distribución de la renta P80/P20	2.8		
Tenerife	2019	Distribución de la renta P80/P20	2.8		
Tenerife	2018	Distribución de la renta P80/P20	3		
Tenerife	2017	Distribución de la renta P80/P20	3.1		
Tenerife	2016	Distribución de la renta P80/P20	3.4		
Tenerife	2015	Distribución de la renta P80/P20	3.4		
Adeje	2023	Índice de Gini	33.9		
Adeje	2022	Índice de Gini	34.8		
Adeje	2021	Índice de Gini	35.9		
Adeje	2020	Índice de Gini	35.8		
Adeje	2019	Índice de Gini	34.9		
Adeje	2018	Índice de Gini	35.6		
Adeje	2017	Índice de Gini	36		
Adeje	2016	Índice de Gini	38		
Adeje	2015	Índice de Gini	37.7		
Adeje	2023	Distribución de la renta P80/P20	2.8		
Adeje	2022	Distribución de la renta P80/P20	2.8		
Adeje	2021	Distribución de la renta P80/P20	3		
Adeje	2020	Distribución de la renta P80/P20	3.1		
Adeje	2019	Distribución de la renta P80/P20	3.1		
Adeje	2018	Distribución de la renta P80/P20	3		
Adeje	2017	Distribución de la renta P80/P20	3.2		
Adeje	2016	Distribución de la renta P80/P20	3.4		
Adeje	2015	Distribución de la renta P80/P20	3.4		
Arafo	2023	Índice de Gini	28.2		
Arafo	2022	Índice de Gini	29.2		
Arafo	2021	Índice de Gini	29.6		
Arafo	2020	Índice de Gini	31.4		
Arafo	2019	Índice de Gini	30.9		
Arafo	2018	Índice de Gini	31.8		
Arafo	2017	Índice de Gini	32.6		
Arafo	2016	Índice de Gini	34.4		
Arafo	2015	Índice de Gini	34.7		
Arafo	2023	Distribución de la renta P80/P20	2.4		
Arafo	2022	Distribución de la renta P80/P20	2.5		
Arafo	2021	Distribución de la renta P80/P20	2.6		
Arafo	2020	Distribución de la renta P80/P20	2.7		
Arafo	2019	Distribución de la renta P80/P20	2.7		
Arafo	2018	Distribución de la renta P80/P20	2.7		
Arafo	2017	Distribución de la renta P80/P20	2.8		
Arafo	2016	Distribución de la renta P80/P20	3.1		
Arafo	2015	Distribución de la renta P80/P20	3.1		
Arico	2023	Índice de Gini	29.4		
Arico	2022	Índice de Gini	30.3		
Arico	2021	Índice de Gini	31.3		
Arico	2020	Índice de Gini	31.2		
Arico	2019	Índice de Gini	30.5		
Arico	2018	Índice de Gini	31.3		
Arico	2017	Índice de Gini	31.5		
Arico	2016	Índice de Gini	33.7		
Arico	2015	Índice de Gini	32.8		
Arico	2023	Distribución de la renta P80/P20	2.6		
Arico	2022	Distribución de la renta P80/P20	2.6		
Arico	2021	Distribución de la renta P80/P20	2.7		
Arico	2020	Distribución de la renta P80/P20	2.8		
Arico	2019	Distribución de la renta P80/P20	2.6		
Arico	2018	Distribución de la renta P80/P20	2.7		
Arico	2017	Distribución de la renta P80/P20	2.6		
Arico	2016	Distribución de la renta P80/P20	3		
Arico	2015	Distribución de la renta P80/P20	2.7		
Arona	2023	Índice de Gini	31.9		
Arona	2022	Índice de Gini	32.6		
Arona	2021	Índice de Gini	34		
Arona	2020	Índice de Gini	33.9		
Arona	2019	Índice de Gini	32.9		
Arona	2018	Índice de Gini	34		
Arona	2017	Índice de Gini	34.4		
Arona	2016	Índice de Gini	37		
Arona	2015	Índice de Gini	36.6		
Arona	2023	Distribución de la renta P80/P20	2.8		
Arona	2022	Distribución de la renta P80/P20	2.9		
Arona	2021	Distribución de la renta P80/P20	2.8		
Arona	2020	Distribución de la renta P80/P20	3		
Arona	2019	Distribución de la renta P80/P20	2.9		
Arona	2018	Distribución de la renta P80/P20	3		
Arona	2017	Distribución de la renta P80/P20	2.9		
Arona	2016	Distribución de la renta P80/P20	3.6		
Arona	2015	Distribución de la renta P80/P20	3.6		
Buenavista del Norte	2023	Índice de Gini	26.7		
Buenavista del Norte	2022	Índice de Gini	27.6		
Buenavista del Norte	2021	Índice de Gini	27.8		
Buenavista del Norte	2020	Índice de Gini	27.4		
Buenavista del Norte	2019	Índice de Gini	27.9		
Buenavista del Norte	2018	Índice de Gini	29.4		
Buenavista del Norte	2017	Índice de Gini	28.5		
Buenavista del Norte	2016	Índice de Gini	29.4		
Buenavista del Norte	2015	Índice de Gini	30		
Buenavista del Norte	2023	Distribución de la renta P80/P20	2.1		
Buenavista del Norte	2022	Distribución de la renta P80/P20	2.2		
Buenavista del Norte	2021	Distribución de la renta P80/P20	2.2		
Buenavista del Norte	2020	Distribución de la renta P80/P20	2		
Buenavista del Norte	2019	Distribución de la renta P80/P20	2.3		
Buenavista del Norte	2018	Distribución de la renta P80/P20	2.4		
Buenavista del Norte	2017	Distribución de la renta P80/P20	2.3		
Buenavista del Norte	2016	Distribución de la renta P80/P20	2.5		
Buenavista del Norte	2015	Distribución de la renta P80/P20	2.4		
Candelaria	2023	Índice de Gini	30.1		
Candelaria	2022	Índice de Gini	30.5		
Candelaria	2021	Índice de Gini	31.2		
Candelaria	2020	Índice de Gini	32.3		
Candelaria	2019	Índice de Gini	32.1		
Candelaria	2018	Índice de Gini	32.7		
Candelaria	2017	Índice de Gini	33.4		
Candelaria	2016	Índice de Gini	34.7		
Candelaria	2015	Índice de Gini	35.1		
Candelaria	2023	Distribución de la renta P80/P20	2.5		
Candelaria	2022	Distribución de la renta P80/P20	2.7		
Candelaria	2021	Distribución de la renta P80/P20	2.7		
Candelaria	2020	Distribución de la renta P80/P20	2.9		
Candelaria	2019	Distribución de la renta P80/P20	2.8		
Candelaria	2018	Distribución de la renta P80/P20	2.9		
Candelaria	2017	Distribución de la renta P80/P20	3		
Candelaria	2016	Distribución de la renta P80/P20	3.2		
Candelaria	2015	Distribución de la renta P80/P20	3.1		
Fasnia	2023	Índice de Gini	29.5		
Fasnia	2022	Índice de Gini	29.8		
Fasnia	2021	Índice de Gini	30.7		
Fasnia	2020	Índice de Gini	30.9		
Fasnia	2019	Índice de Gini	30.7		
Fasnia	2018	Índice de Gini	30.6		
Fasnia	2017	Índice de Gini	31.3		
Fasnia	2016	Índice de Gini	31.7		
Fasnia	2015	Índice de Gini	31.5		
Fasnia	2023	Distribución de la renta P80/P20	2.7		
Fasnia	2022	Distribución de la renta P80/P20	2.6		
Fasnia	2021	Distribución de la renta P80/P20	2.6		
Fasnia	2020	Distribución de la renta P80/P20	2.8		
Fasnia	2019	Distribución de la renta P80/P20	2.8		
Fasnia	2018	Distribución de la renta P80/P20	2.5		
Fasnia	2017	Distribución de la renta P80/P20	2.7		
Fasnia	2016	Distribución de la renta P80/P20	2.6		
Fasnia	2015	Distribución de la renta P80/P20	2.8		
Garachico	2023	Índice de Gini	27.2		
Garachico	2022	Índice de Gini	28.4		
Garachico	2021	Índice de Gini	29.1		
Garachico	2020	Índice de Gini	29.1		
Garachico	2019	Índice de Gini	28.9		
Garachico	2018	Índice de Gini	29.6		
Garachico	2017	Índice de Gini	30.1		
Garachico	2016	Índice de Gini	30.7		
Garachico	2015	Índice de Gini	31.9		
Garachico	2023	Distribución de la renta P80/P20	2.2		
Garachico	2022	Distribución de la renta P80/P20	2.3		
Garachico	2021	Distribución de la renta P80/P20	2.3		
Garachico	2020	Distribución de la renta P80/P20	2.4		
Garachico	2019	Distribución de la renta P80/P20	2.2		
Garachico	2018	Distribución de la renta P80/P20	2.3		
Garachico	2017	Distribución de la renta P80/P20	2.4		
Garachico	2016	Distribución de la renta P80/P20	2.6		
Garachico	2015	Distribución de la renta P80/P20	2.6		
Granadilla de Abona	2023	Índice de Gini	29.5		
Granadilla de Abona	2022	Índice de Gini	30.8		
Granadilla de Abona	2021	Índice de Gini	32.2		
Granadilla de Abona	2020	Índice de Gini	31.9		
Granadilla de Abona	2019	Índice de Gini	31.2		
Granadilla de Abona	2018	Índice de Gini	31.6		
Granadilla de Abona	2017	Índice de Gini	32		
Granadilla de Abona	2016	Índice de Gini	34.1		
Granadilla de Abona	2015	Índice de Gini	34.2		
Granadilla de Abona	2023	Distribución de la renta P80/P20	2.5		
Granadilla de Abona	2022	Distribución de la renta P80/P20	2.5		
Granadilla de Abona	2021	Distribución de la renta P80/P20	2.7		
Granadilla de Abona	2020	Distribución de la renta P80/P20	2.5		
Granadilla de Abona	2019	Distribución de la renta P80/P20	2.7		
Granadilla de Abona	2018	Distribución de la renta P80/P20	2.6		
Granadilla de Abona	2017	Distribución de la renta P80/P20	2.7		
Granadilla de Abona	2016	Distribución de la renta P80/P20	2.9		
Granadilla de Abona	2015	Distribución de la renta P80/P20	2.9		
La Guancha	2023	Índice de Gini	26.8		
La Guancha	2022	Índice de Gini	26.8		
La Guancha	2021	Índice de Gini	26.9		
La Guancha	2020	Índice de Gini	27.4		
La Guancha	2019	Índice de Gini	27.6		
La Guancha	2018	Índice de Gini	28.4		
La Guancha	2017	Índice de Gini	28.2		
La Guancha	2016	Índice de Gini	29.6		
La Guancha	2015	Índice de Gini	29.9		
La Guancha	2023	Distribución de la renta P80/P20	2.2		
La Guancha	2022	Distribución de la renta P80/P20	2.2		
La Guancha	2021	Distribución de la renta P80/P20	2.1		
La Guancha	2020	Distribución de la renta P80/P20	2.2		
La Guancha	2019	Distribución de la renta P80/P20	2.2		
La Guancha	2018	Distribución de la renta P80/P20	2.3		
La Guancha	2017	Distribución de la renta P80/P20	2.3		
La Guancha	2016	Distribución de la renta P80/P20	2.3		
La Guancha	2015	Distribución de la renta P80/P20	2.5		
Guía de Isora	2023	Índice de Gini	26.4		
Guía de Isora	2022	Índice de Gini	27.7		
Guía de Isora	2021	Índice de Gini	28.5		
Guía de Isora	2020	Índice de Gini	28.8		
Guía de Isora	2019	Índice de Gini	28.6		
Guía de Isora	2018	Índice de Gini	29		
Guía de Isora	2017	Índice de Gini	29.2		
Guía de Isora	2016	Índice de Gini	31.3		
Guía de Isora	2015	Índice de Gini	30.8		
Guía de Isora	2023	Distribución de la renta P80/P20	2.2		
Guía de Isora	2022	Distribución de la renta P80/P20	2.3		
Guía de Isora	2021	Distribución de la renta P80/P20	2.4		
Guía de Isora	2020	Distribución de la renta P80/P20	2.3		
Guía de Isora	2019	Distribución de la renta P80/P20	2.4		
Guía de Isora	2018	Distribución de la renta P80/P20	2.3		
Guía de Isora	2017	Distribución de la renta P80/P20	2.4		
Guía de Isora	2016	Distribución de la renta P80/P20	2.5		
Guía de Isora	2015	Distribución de la renta P80/P20	2.5		
Güímar	2023	Índice de Gini	28.7		
Güímar	2022	Índice de Gini	29.3		
Güímar	2021	Índice de Gini	30.5		
Güímar	2020	Índice de Gini	30.7		
Güímar	2019	Índice de Gini	30.4		
Güímar	2018	Índice de Gini	30.9		
Güímar	2017	Índice de Gini	32		
Güímar	2016	Índice de Gini	32.9		
Güímar	2015	Índice de Gini	33.3		
Güímar	2023	Distribución de la renta P80/P20	2.5		
Güímar	2022	Distribución de la renta P80/P20	2.5		
Güímar	2021	Distribución de la renta P80/P20	2.7		
Güímar	2020	Distribución de la renta P80/P20	2.7		
Güímar	2019	Distribución de la renta P80/P20	2.5		
Güímar	2018	Distribución de la renta P80/P20	2.7		
Güímar	2017	Distribución de la renta P80/P20	2.7		
Güímar	2016	Distribución de la renta P80/P20	3		
Güímar	2015	Distribución de la renta P80/P20	2.8		
Icod de los Vinos	2023	Índice de Gini	29.3		
Icod de los Vinos	2022	Índice de Gini	30		
Icod de los Vinos	2021	Índice de Gini	29.8		
Icod de los Vinos	2020	Índice de Gini	30.6		
Icod de los Vinos	2019	Índice de Gini	30.3		
Icod de los Vinos	2018	Índice de Gini	31.4		
Icod de los Vinos	2017	Índice de Gini	31.3		
Icod de los Vinos	2016	Índice de Gini	33.1		
Icod de los Vinos	2015	Índice de Gini	32.9		
Icod de los Vinos	2023	Distribución de la renta P80/P20	2.3		
Icod de los Vinos	2022	Distribución de la renta P80/P20	2.4		
Icod de los Vinos	2021	Distribución de la renta P80/P20	2.4		
Icod de los Vinos	2020	Distribución de la renta P80/P20	2.5		
Icod de los Vinos	2019	Distribución de la renta P80/P20	2.5		
Icod de los Vinos	2018	Distribución de la renta P80/P20	2.6		
Icod de los Vinos	2017	Distribución de la renta P80/P20	2.5		
Icod de los Vinos	2016	Distribución de la renta P80/P20	2.8		
Icod de los Vinos	2015	Distribución de la renta P80/P20	2.6		
San Cristóbal de La Laguna	2023	Índice de Gini	31.9		
San Cristóbal de La Laguna	2022	Índice de Gini	32.8		
San Cristóbal de La Laguna	2021	Índice de Gini	33.3		
San Cristóbal de La Laguna	2020	Índice de Gini	34.2		
San Cristóbal de La Laguna	2019	Índice de Gini	34.2		
San Cristóbal de La Laguna	2018	Índice de Gini	34.9		
San Cristóbal de La Laguna	2017	Índice de Gini	35.2		
San Cristóbal de La Laguna	2016	Índice de Gini	36.3		
San Cristóbal de La Laguna	2015	Índice de Gini	36.7		
San Cristóbal de La Laguna	2023	Distribución de la renta P80/P20	2.7		
San Cristóbal de La Laguna	2022	Distribución de la renta P80/P20	2.9		
San Cristóbal de La Laguna	2021	Distribución de la renta P80/P20	3		
San Cristóbal de La Laguna	2020	Distribución de la renta P80/P20	3.1		
San Cristóbal de La Laguna	2019	Distribución de la renta P80/P20	3.1		
San Cristóbal de La Laguna	2018	Distribución de la renta P80/P20	3.2		
San Cristóbal de La Laguna	2017	Distribución de la renta P80/P20	3.1		
San Cristóbal de La Laguna	2016	Distribución de la renta P80/P20	3.3		
San Cristóbal de La Laguna	2015	Distribución de la renta P80/P20	3.2		
La Matanza de Acentejo	2023	Índice de Gini	28.2		
La Matanza de Acentejo	2022	Índice de Gini	29		
La Matanza de Acentejo	2021	Índice de Gini	29.5		
La Matanza de Acentejo	2020	Índice de Gini	30		
La Matanza de Acentejo	2019	Índice de Gini	30.6		
La Matanza de Acentejo	2018	Índice de Gini	31.1		
La Matanza de Acentejo	2017	Índice de Gini	31.6		
La Matanza de Acentejo	2016	Índice de Gini	33.1		
La Matanza de Acentejo	2015	Índice de Gini	33.7		
La Matanza de Acentejo	2023	Distribución de la renta P80/P20	2.3		
La Matanza de Acentejo	2022	Distribución de la renta P80/P20	2.5		
La Matanza de Acentejo	2021	Distribución de la renta P80/P20	2.4		
La Matanza de Acentejo	2020	Distribución de la renta P80/P20	2.6		
La Matanza de Acentejo	2019	Distribución de la renta P80/P20	2.6		
La Matanza de Acentejo	2018	Distribución de la renta P80/P20	2.7		
La Matanza de Acentejo	2017	Distribución de la renta P80/P20	2.5		
La Matanza de Acentejo	2016	Distribución de la renta P80/P20	3		
La Matanza de Acentejo	2015	Distribución de la renta P80/P20	2.9		
La Orotava	2023	Índice de Gini	28.6		
La Orotava	2022	Índice de Gini	29.6		
La Orotava	2021	Índice de Gini	30.3		
La Orotava	2020	Índice de Gini	30.7		
La Orotava	2019	Índice de Gini	30.7		
La Orotava	2018	Índice de Gini	31.4		
La Orotava	2017	Índice de Gini	31.9		
La Orotava	2016	Índice de Gini	33.3		
La Orotava	2015	Índice de Gini	34.2		
La Orotava	2023	Distribución de la renta P80/P20	2.3		
La Orotava	2022	Distribución de la renta P80/P20	2.5		
La Orotava	2021	Distribución de la renta P80/P20	2.4		
La Orotava	2020	Distribución de la renta P80/P20	2.6		
La Orotava	2019	Distribución de la renta P80/P20	2.6		
La Orotava	2018	Distribución de la renta P80/P20	2.5		
La Orotava	2017	Distribución de la renta P80/P20	2.5		
La Orotava	2016	Distribución de la renta P80/P20	2.7		
La Orotava	2015	Distribución de la renta P80/P20	3		
Puerto de la Cruz	2023	Índice de Gini	34.4		
Puerto de la Cruz	2022	Índice de Gini	34.9		
Puerto de la Cruz	2021	Índice de Gini	35		
Puerto de la Cruz	2020	Índice de Gini	35.9		
Puerto de la Cruz	2019	Índice de Gini	35.6		
Puerto de la Cruz	2018	Índice de Gini	36.2		
Puerto de la Cruz	2017	Índice de Gini	36.3		
Puerto de la Cruz	2016	Índice de Gini	38.1		
Puerto de la Cruz	2015	Índice de Gini	37.6		
Puerto de la Cruz	2023	Distribución de la renta P80/P20	2.9		
Puerto de la Cruz	2022	Distribución de la renta P80/P20	2.9		
Puerto de la Cruz	2021	Distribución de la renta P80/P20	2.9		
Puerto de la Cruz	2020	Distribución de la renta P80/P20	3.1		
Puerto de la Cruz	2019	Distribución de la renta P80/P20	3.1		
Puerto de la Cruz	2018	Distribución de la renta P80/P20	2.9		
Puerto de la Cruz	2017	Distribución de la renta P80/P20	3.1		
Puerto de la Cruz	2016	Distribución de la renta P80/P20	3.4		
Puerto de la Cruz	2015	Distribución de la renta P80/P20	3.4		
Los Realejos	2023	Índice de Gini	26.3		
Los Realejos	2022	Índice de Gini	27.2		
Los Realejos	2021	Índice de Gini	28		
Los Realejos	2020	Índice de Gini	28.4		
Los Realejos	2019	Índice de Gini	28		
Los Realejos	2018	Índice de Gini	28.7		
Los Realejos	2017	Índice de Gini	29		
Los Realejos	2016	Índice de Gini	30.8		
Los Realejos	2015	Índice de Gini	31.2		
Los Realejos	2023	Distribución de la renta P80/P20	2.2		
Los Realejos	2022	Distribución de la renta P80/P20	2.3		
Los Realejos	2021	Distribución de la renta P80/P20	2.3		
Los Realejos	2020	Distribución de la renta P80/P20	2.4		
Los Realejos	2019	Distribución de la renta P80/P20	2.2		
Los Realejos	2018	Distribución de la renta P80/P20	2.3		
Los Realejos	2017	Distribución de la renta P80/P20	2.3		
Los Realejos	2016	Distribución de la renta P80/P20	2.5		
Los Realejos	2015	Distribución de la renta P80/P20	2.8		
El Rosario	2023	Índice de Gini	32.3		
El Rosario	2022	Índice de Gini	32.3		
El Rosario	2021	Índice de Gini	32.6		
El Rosario	2020	Índice de Gini	32.7		
El Rosario	2019	Índice de Gini	33.4		
El Rosario	2018	Índice de Gini	33.8		
El Rosario	2017	Índice de Gini	34.5		
El Rosario	2016	Índice de Gini	35.2		
El Rosario	2015	Índice de Gini	35.9		
El Rosario	2023	Distribución de la renta P80/P20	2.8		
El Rosario	2022	Distribución de la renta P80/P20	2.8		
El Rosario	2021	Distribución de la renta P80/P20	2.9		
El Rosario	2020	Distribución de la renta P80/P20	2.8		
El Rosario	2019	Distribución de la renta P80/P20	2.8		
El Rosario	2018	Distribución de la renta P80/P20	3.1		
El Rosario	2017	Distribución de la renta P80/P20	2.9		
El Rosario	2016	Distribución de la renta P80/P20	3.1		
El Rosario	2015	Distribución de la renta P80/P20	3.3		
San Juan de la Rambla	2023	Índice de Gini	26.9		
San Juan de la Rambla	2022	Índice de Gini	28.4		
San Juan de la Rambla	2021	Índice de Gini	29.6		
San Juan de la Rambla	2020	Índice de Gini	30.8		
San Juan de la Rambla	2019	Índice de Gini	30.3		
San Juan de la Rambla	2018	Índice de Gini	31		
San Juan de la Rambla	2017	Índice de Gini	31.6		
San Juan de la Rambla	2016	Índice de Gini	32.9		
San Juan de la Rambla	2015	Índice de Gini	33.9		
San Juan de la Rambla	2023	Distribución de la renta P80/P20	2.2		
San Juan de la Rambla	2022	Distribución de la renta P80/P20	2.3		
San Juan de la Rambla	2021	Distribución de la renta P80/P20	2.6		
San Juan de la Rambla	2020	Distribución de la renta P80/P20	2.5		
San Juan de la Rambla	2019	Distribución de la renta P80/P20	2.4		
San Juan de la Rambla	2018	Distribución de la renta P80/P20	2.5		
San Juan de la Rambla	2017	Distribución de la renta P80/P20	2.7		
San Juan de la Rambla	2016	Distribución de la renta P80/P20	2.8		
San Juan de la Rambla	2015	Distribución de la renta P80/P20	2.8		
San Miguel de Abona	2023	Índice de Gini	30.7		
San Miguel de Abona	2022	Índice de Gini	31.5		
San Miguel de Abona	2021	Índice de Gini	32.9		
San Miguel de Abona	2020	Índice de Gini	34		
San Miguel de Abona	2019	Índice de Gini	32.6		
San Miguel de Abona	2018	Índice de Gini	33.7		
San Miguel de Abona	2017	Índice de Gini	34.2		
San Miguel de Abona	2016	Índice de Gini	37		
San Miguel de Abona	2015	Índice de Gini	35.5		
San Miguel de Abona	2023	Distribución de la renta P80/P20	2.6		
San Miguel de Abona	2022	Distribución de la renta P80/P20	2.6		
San Miguel de Abona	2021	Distribución de la renta P80/P20	2.7		
San Miguel de Abona	2020	Distribución de la renta P80/P20	2.9		
San Miguel de Abona	2019	Distribución de la renta P80/P20	2.7		
San Miguel de Abona	2018	Distribución de la renta P80/P20	2.9		
San Miguel de Abona	2017	Distribución de la renta P80/P20	2.8		
San Miguel de Abona	2016	Distribución de la renta P80/P20	3.4		
San Miguel de Abona	2015	Distribución de la renta P80/P20	3		
Santa Cruz de Tenerife	2023	Índice de Gini	33.9		
Santa Cruz de Tenerife	2022	Índice de Gini	34.7		
Santa Cruz de Tenerife	2021	Índice de Gini	35.2		
Santa Cruz de Tenerife	2020	Índice de Gini	36.1		
Santa Cruz de Tenerife	2019	Índice de Gini	36.2		
Santa Cruz de Tenerife	2018	Índice de Gini	37.4		
Santa Cruz de Tenerife	2017	Índice de Gini	37.8		
Santa Cruz de Tenerife	2016	Índice de Gini	38.5		
Santa Cruz de Tenerife	2015	Índice de Gini	39		
Santa Cruz de Tenerife	2023	Distribución de la renta P80/P20	2.9		
Santa Cruz de Tenerife	2022	Distribución de la renta P80/P20	3.2		
Santa Cruz de Tenerife	2021	Distribución de la renta P80/P20	3.2		
Santa Cruz de Tenerife	2020	Distribución de la renta P80/P20	3.4		
Santa Cruz de Tenerife	2019	Distribución de la renta P80/P20	3.3		
Santa Cruz de Tenerife	2018	Distribución de la renta P80/P20	3.5		
Santa Cruz de Tenerife	2017	Distribución de la renta P80/P20	3.4		
Santa Cruz de Tenerife	2016	Distribución de la renta P80/P20	3.6		
Santa Cruz de Tenerife	2015	Distribución de la renta P80/P20	3.9		
Santa Úrsula	2023	Índice de Gini	31.7		
Santa Úrsula	2022	Índice de Gini	32.5		
Santa Úrsula	2021	Índice de Gini	32.9		
Santa Úrsula	2020	Índice de Gini	33.6		
Santa Úrsula	2019	Índice de Gini	34.3		
Santa Úrsula	2018	Índice de Gini	35.2		
Santa Úrsula	2017	Índice de Gini	36.1		
Santa Úrsula	2016	Índice de Gini	37.7		
Santa Úrsula	2015	Índice de Gini	38.3		
Santa Úrsula	2023	Distribución de la renta P80/P20	2.5		
Santa Úrsula	2022	Distribución de la renta P80/P20	2.8		
Santa Úrsula	2021	Distribución de la renta P80/P20	2.7		
Santa Úrsula	2020	Distribución de la renta P80/P20	2.8		
Santa Úrsula	2019	Distribución de la renta P80/P20	2.9		
Santa Úrsula	2018	Distribución de la renta P80/P20	3		
Santa Úrsula	2017	Distribución de la renta P80/P20	2.9		
Santa Úrsula	2016	Distribución de la renta P80/P20	3.5		
Santa Úrsula	2015	Distribución de la renta P80/P20	3.5		
Santiago del Teide	2023	Índice de Gini	31.2		
Santiago del Teide	2022	Índice de Gini	31.8		
Santiago del Teide	2021	Índice de Gini	31.8		
Santiago del Teide	2020	Índice de Gini	32.6		
Santiago del Teide	2019	Índice de Gini	31.9		
Santiago del Teide	2018	Índice de Gini	32.4		
Santiago del Teide	2017	Índice de Gini	32.4		
Santiago del Teide	2016	Índice de Gini	34.5		
Santiago del Teide	2015	Índice de Gini	34.6		
Santiago del Teide	2023	Distribución de la renta P80/P20	2.7		
Santiago del Teide	2022	Distribución de la renta P80/P20	2.7		
Santiago del Teide	2021	Distribución de la renta P80/P20	2.6		
Santiago del Teide	2020	Distribución de la renta P80/P20	2.8		
Santiago del Teide	2019	Distribución de la renta P80/P20	2.6		
Santiago del Teide	2018	Distribución de la renta P80/P20	2.8		
Santiago del Teide	2017	Distribución de la renta P80/P20	2.7		
Santiago del Teide	2016	Distribución de la renta P80/P20	3.1		
Santiago del Teide	2015	Distribución de la renta P80/P20	3.1		
El Sauzal	2023	Índice de Gini	30.7		
El Sauzal	2022	Índice de Gini	31.7		
El Sauzal	2021	Índice de Gini	32.4		
El Sauzal	2020	Índice de Gini	33.4		
El Sauzal	2019	Índice de Gini	33.2		
El Sauzal	2018	Índice de Gini	34.1		
El Sauzal	2017	Índice de Gini	34.3		
El Sauzal	2016	Índice de Gini	36		
El Sauzal	2015	Índice de Gini	36.6		
El Sauzal	2023	Distribución de la renta P80/P20	2.6		
El Sauzal	2022	Distribución de la renta P80/P20	2.8		
El Sauzal	2021	Distribución de la renta P80/P20	2.9		
El Sauzal	2020	Distribución de la renta P80/P20	2.9		
El Sauzal	2019	Distribución de la renta P80/P20	2.9		
El Sauzal	2018	Distribución de la renta P80/P20	2.9		
El Sauzal	2017	Distribución de la renta P80/P20	3.1		
El Sauzal	2016	Distribución de la renta P80/P20	3.3		
El Sauzal	2015	Distribución de la renta P80/P20	3.2		
Los Silos	2023	Índice de Gini	28.2		
Los Silos	2022	Índice de Gini	28.4		
Los Silos	2021	Índice de Gini	29.3		
Los Silos	2020	Índice de Gini	28.9		
Los Silos	2019	Índice de Gini	28.7		
Los Silos	2018	Índice de Gini	29.1		
Los Silos	2017	Índice de Gini	28.3		
Los Silos	2016	Índice de Gini	28.4		
Los Silos	2015	Índice de Gini	29		
Los Silos	2023	Distribución de la renta P80/P20	2.3		
Los Silos	2022	Distribución de la renta P80/P20	2.2		
Los Silos	2021	Distribución de la renta P80/P20	2.4		
Los Silos	2020	Distribución de la renta P80/P20	2.3		
Los Silos	2019	Distribución de la renta P80/P20	2.3		
Los Silos	2018	Distribución de la renta P80/P20	2.2		
Los Silos	2017	Distribución de la renta P80/P20	2.2		
Los Silos	2016	Distribución de la renta P80/P20	2.1		
Los Silos	2015	Distribución de la renta P80/P20	2.4		
Tacoronte	2023	Índice de Gini	31		
Tacoronte	2022	Índice de Gini	32.2		
Tacoronte	2021	Índice de Gini	32.8		
Tacoronte	2020	Índice de Gini	33.5		
Tacoronte	2019	Índice de Gini	33.5		
Tacoronte	2018	Índice de Gini	34.1		
Tacoronte	2017	Índice de Gini	35.1		
Tacoronte	2016	Índice de Gini	36.3		
Tacoronte	2015	Índice de Gini	36.6		
Tacoronte	2023	Distribución de la renta P80/P20	2.6		
Tacoronte	2022	Distribución de la renta P80/P20	2.9		
Tacoronte	2021	Distribución de la renta P80/P20	2.9		
Tacoronte	2020	Distribución de la renta P80/P20	3		
Tacoronte	2019	Distribución de la renta P80/P20	3		
Tacoronte	2018	Distribución de la renta P80/P20	3.1		
Tacoronte	2017	Distribución de la renta P80/P20	3		
Tacoronte	2016	Distribución de la renta P80/P20	3.2		
Tacoronte	2015	Distribución de la renta P80/P20	3.6		
El Tanque	2023	Índice de Gini	26.1		
El Tanque	2022	Índice de Gini	26.4		
El Tanque	2021	Índice de Gini	26.8		
El Tanque	2020	Índice de Gini	26.4		
El Tanque	2019	Índice de Gini	27.5		
El Tanque	2018	Índice de Gini	27.9		
El Tanque	2017	Índice de Gini	27.9		
El Tanque	2016	Índice de Gini	28.8		
El Tanque	2015	Índice de Gini	27.7		
El Tanque	2023	Distribución de la renta P80/P20	2.1		
El Tanque	2022	Distribución de la renta P80/P20	2.1		
El Tanque	2021	Distribución de la renta P80/P20	2.2		
El Tanque	2020	Distribución de la renta P80/P20	2		
El Tanque	2019	Distribución de la renta P80/P20	2.4		
El Tanque	2018	Distribución de la renta P80/P20	2.2		
El Tanque	2017	Distribución de la renta P80/P20	2.4		
El Tanque	2016	Distribución de la renta P80/P20	2.5		
El Tanque	2015	Distribución de la renta P80/P20	2.2		
Tegueste	2023	Índice de Gini	29		
Tegueste	2022	Índice de Gini	29.8		
Tegueste	2021	Índice de Gini	29.9		
Tegueste	2020	Índice de Gini	30.6		
Tegueste	2019	Índice de Gini	30.3		
Tegueste	2018	Índice de Gini	31.2		
Tegueste	2017	Índice de Gini	31.7		
Tegueste	2016	Índice de Gini	33.5		
Tegueste	2015	Índice de Gini	34.2		
Tegueste	2023	Distribución de la renta P80/P20	2.5		
Tegueste	2022	Distribución de la renta P80/P20	2.4		
Tegueste	2021	Distribución de la renta P80/P20	2.6		
Tegueste	2020	Distribución de la renta P80/P20	2.7		
Tegueste	2019	Distribución de la renta P80/P20	2.6		
Tegueste	2018	Distribución de la renta P80/P20	2.7		
Tegueste	2017	Distribución de la renta P80/P20	2.8		
Tegueste	2016	Distribución de la renta P80/P20	3		
Tegueste	2015	Distribución de la renta P80/P20	2.9		
La Victoria de Acentejo	2023	Índice de Gini	27.4		
La Victoria de Acentejo	2022	Índice de Gini	28.5		
La Victoria de Acentejo	2021	Índice de Gini	28.8		
La Victoria de Acentejo	2020	Índice de Gini	29.3		
La Victoria de Acentejo	2019	Índice de Gini	29.4		
La Victoria de Acentejo	2018	Índice de Gini	30.1		
La Victoria de Acentejo	2017	Índice de Gini	30		
La Victoria de Acentejo	2016	Índice de Gini	30.7		
La Victoria de Acentejo	2015	Índice de Gini	31.4		
La Victoria de Acentejo	2023	Distribución de la renta P80/P20	2.3		
La Victoria de Acentejo	2022	Distribución de la renta P80/P20	2.4		
La Victoria de Acentejo	2021	Distribución de la renta P80/P20	2.4		
La Victoria de Acentejo	2020	Distribución de la renta P80/P20	2.5		
La Victoria de Acentejo	2019	Distribución de la renta P80/P20	2.5		
La Victoria de Acentejo	2018	Distribución de la renta P80/P20	2.6		
La Victoria de Acentejo	2017	Distribución de la renta P80/P20	2.5		
La Victoria de Acentejo	2016	Distribución de la renta P80/P20	2.6		
La Victoria de Acentejo	2015	Distribución de la renta P80/P20	2.5		
Vilaflor de Chasna	2023	Índice de Gini	29.3		
Vilaflor de Chasna	2022	Índice de Gini	30		
Vilaflor de Chasna	2021	Índice de Gini	30		
Vilaflor de Chasna	2020	Índice de Gini	31.4		
Vilaflor de Chasna	2019	Índice de Gini	30.2		
Vilaflor de Chasna	2018	Índice de Gini	30.5		
Vilaflor de Chasna	2017	Índice de Gini	31.4		
Vilaflor de Chasna	2016	Índice de Gini	32.4		
Vilaflor de Chasna	2015	Índice de Gini	33.3		
Vilaflor de Chasna	2023	Distribución de la renta P80/P20	2.5		
Vilaflor de Chasna	2022	Distribución de la renta P80/P20	2.5		
Vilaflor de Chasna	2021	Distribución de la renta P80/P20	2.4		
Vilaflor de Chasna	2020	Distribución de la renta P80/P20	2.6		
Vilaflor de Chasna	2019	Distribución de la renta P80/P20	2.5		
Vilaflor de Chasna	2018	Distribución de la renta P80/P20	2.4		
Vilaflor de Chasna	2017	Distribución de la renta P80/P20	2.7		
Vilaflor de Chasna	2016	Distribución de la renta P80/P20	2.6		
Vilaflor de Chasna	2015	Distribución de la renta P80/P20	2.6		
La Gomera	2023	Índice de Gini	30.2		
La Gomera	2022	Índice de Gini	30.7		
La Gomera	2021	Índice de Gini	31.2		
La Gomera	2020	Índice de Gini	31.7		
La Gomera	2019	Índice de Gini	30.8		
La Gomera	2018	Índice de Gini	31.5		
La Gomera	2017	Índice de Gini	31.7		
La Gomera	2016	Índice de Gini	32.8		
La Gomera	2015	Índice de Gini	32.2		
La Gomera	2023	Distribución de la renta P80/P20	2.6		
La Gomera	2022	Distribución de la renta P80/P20	2.6		
La Gomera	2021	Distribución de la renta P80/P20	2.6		
La Gomera	2020	Distribución de la renta P80/P20	2.6		
La Gomera	2019	Distribución de la renta P80/P20	2.7		
La Gomera	2018	Distribución de la renta P80/P20	2.5		
La Gomera	2017	Distribución de la renta P80/P20	2.7		
La Gomera	2016	Distribución de la renta P80/P20	2.7		
La Gomera	2015	Distribución de la renta P80/P20	2.7		
Agulo	2023	Índice de Gini	29		
Agulo	2022	Índice de Gini	29.8		
Agulo	2021	Índice de Gini	30.2		
Agulo	2020	Índice de Gini	30.2		
Agulo	2019	Índice de Gini	29.9		
Agulo	2018	Índice de Gini	29.9		
Agulo	2017	Índice de Gini	31.1		
Agulo	2016	Índice de Gini	29.5		
Agulo	2015	Índice de Gini	28.9		
Agulo	2023	Distribución de la renta P80/P20	2.4		
Agulo	2022	Distribución de la renta P80/P20	2.3		
Agulo	2021	Distribución de la renta P80/P20	2.4		
Agulo	2020	Distribución de la renta P80/P20	2.5		
Agulo	2019	Distribución de la renta P80/P20	2.7		
Agulo	2018	Distribución de la renta P80/P20	2.4		
Agulo	2017	Distribución de la renta P80/P20	2.4		
Agulo	2016	Distribución de la renta P80/P20	2.4		
Agulo	2015	Distribución de la renta P80/P20	2.3		
Alajeró	2023	Índice de Gini	26.2		
Alajeró	2022	Índice de Gini	26.4		
Alajeró	2021	Índice de Gini	26.8		
Alajeró	2020	Índice de Gini	28		
Alajeró	2019	Índice de Gini	28.2		
Alajeró	2018	Índice de Gini	28.5		
Alajeró	2017	Índice de Gini	28.7		
Alajeró	2016	Índice de Gini	29.5		
Alajeró	2015	Índice de Gini	28.9		
Alajeró	2023	Distribución de la renta P80/P20	2.2		
Alajeró	2022	Distribución de la renta P80/P20	2.2		
Alajeró	2021	Distribución de la renta P80/P20	2.2		
Alajeró	2020	Distribución de la renta P80/P20	2.3		
Alajeró	2019	Distribución de la renta P80/P20	2.3		
Alajeró	2018	Distribución de la renta P80/P20	2.4		
Alajeró	2017	Distribución de la renta P80/P20	2.3		
Alajeró	2016	Distribución de la renta P80/P20	2.5		
Alajeró	2015	Distribución de la renta P80/P20	2.4		
Hermigua	2023	Índice de Gini	28.7		
Hermigua	2022	Índice de Gini	29.8		
Hermigua	2021	Índice de Gini	30.4		
Hermigua	2020	Índice de Gini	29.7		
Hermigua	2019	Índice de Gini	27.8		
Hermigua	2018	Índice de Gini	29.5		
Hermigua	2017	Índice de Gini	29.4		
Hermigua	2016	Índice de Gini	30.4		
Hermigua	2015	Índice de Gini	30.5		
Hermigua	2023	Distribución de la renta P80/P20	2.6		
Hermigua	2022	Distribución de la renta P80/P20	2.5		
Hermigua	2021	Distribución de la renta P80/P20	2.5		
Hermigua	2020	Distribución de la renta P80/P20	2.5		
Hermigua	2019	Distribución de la renta P80/P20	2.3		
Hermigua	2018	Distribución de la renta P80/P20	2.4		
Hermigua	2017	Distribución de la renta P80/P20	2.4		
Hermigua	2016	Distribución de la renta P80/P20	2.5		
Hermigua	2015	Distribución de la renta P80/P20	2.8		
San Sebastián de La Gomera	2023	Índice de Gini	29		
San Sebastián de La Gomera	2022	Índice de Gini	29.8		
San Sebastián de La Gomera	2021	Índice de Gini	29.8		
San Sebastián de La Gomera	2020	Índice de Gini	31		
San Sebastián de La Gomera	2019	Índice de Gini	30		
San Sebastián de La Gomera	2018	Índice de Gini	30.6		
San Sebastián de La Gomera	2017	Índice de Gini	31.3		
San Sebastián de La Gomera	2016	Índice de Gini	32.7		
San Sebastián de La Gomera	2015	Índice de Gini	31.5		
San Sebastián de La Gomera	2023	Distribución de la renta P80/P20	2.4		
San Sebastián de La Gomera	2022	Distribución de la renta P80/P20	2.5		
San Sebastián de La Gomera	2021	Distribución de la renta P80/P20	2.5		
San Sebastián de La Gomera	2020	Distribución de la renta P80/P20	2.7		
San Sebastián de La Gomera	2019	Distribución de la renta P80/P20	2.7		
San Sebastián de La Gomera	2018	Distribución de la renta P80/P20	2.6		
San Sebastián de La Gomera	2017	Distribución de la renta P80/P20	2.7		
San Sebastián de La Gomera	2016	Distribución de la renta P80/P20	2.8		
San Sebastián de La Gomera	2015	Distribución de la renta P80/P20	2.7		
Valle Gran Rey	2023	Índice de Gini	34.7		
Valle Gran Rey	2022	Índice de Gini	34.7		
Valle Gran Rey	2021	Índice de Gini	36.1		
Valle Gran Rey	2020	Índice de Gini	36.6		
Valle Gran Rey	2019	Índice de Gini	34.5		
Valle Gran Rey	2018	Índice de Gini	35.6		
Valle Gran Rey	2017	Índice de Gini	35.6		
Valle Gran Rey	2016	Índice de Gini	36.5		
Valle Gran Rey	2015	Índice de Gini	37.4		
Valle Gran Rey	2023	Distribución de la renta P80/P20	2.9		
Valle Gran Rey	2022	Distribución de la renta P80/P20	3		
Valle Gran Rey	2021	Distribución de la renta P80/P20	3.1		
Valle Gran Rey	2020	Distribución de la renta P80/P20	3.1		
Valle Gran Rey	2019	Distribución de la renta P80/P20	2.7		
Valle Gran Rey	2018	Distribución de la renta P80/P20	3		
Valle Gran Rey	2017	Distribución de la renta P80/P20	2.8		
Valle Gran Rey	2016	Distribución de la renta P80/P20	3		
Valle Gran Rey	2015	Distribución de la renta P80/P20	3		
Vallehermoso	2023	Índice de Gini	28.6		
Vallehermoso	2022	Índice de Gini	29.5		
Vallehermoso	2021	Índice de Gini	29.8		
Vallehermoso	2020	Índice de Gini	28.2		
Vallehermoso	2019	Índice de Gini	28.9		
Vallehermoso	2018	Índice de Gini	29.2		
Vallehermoso	2017	Índice de Gini	28.6		
Vallehermoso	2016	Índice de Gini	30.2		
Vallehermoso	2015	Índice de Gini	28.8		
Vallehermoso	2023	Distribución de la renta P80/P20	2.5		
Vallehermoso	2022	Distribución de la renta P80/P20	2.5		
Vallehermoso	2021	Distribución de la renta P80/P20	2.4		
Vallehermoso	2020	Distribución de la renta P80/P20	2.3		
Vallehermoso	2019	Distribución de la renta P80/P20	2.5		
Vallehermoso	2018	Distribución de la renta P80/P20	2.6		
Vallehermoso	2017	Distribución de la renta P80/P20	2.4		
Vallehermoso	2016	Distribución de la renta P80/P20	2.2		
Vallehermoso	2015	Distribución de la renta P80/P20	2.2		
La Palma	2023	Índice de Gini	33.8		
La Palma	2022	Índice de Gini	33.6		
La Palma	2021	Índice de Gini	32.6		
La Palma	2020	Índice de Gini	33.2		
La Palma	2019	Índice de Gini	33.3		
La Palma	2018	Índice de Gini	34.1		
La Palma	2017	Índice de Gini	34.3		
La Palma	2016	Índice de Gini	35.2		
La Palma	2015	Índice de Gini	35.6		
La Palma	2023	Distribución de la renta P80/P20	2.9		
La Palma	2022	Distribución de la renta P80/P20	2.7		
La Palma	2021	Distribución de la renta P80/P20	2.7		
La Palma	2020	Distribución de la renta P80/P20	2.8		
La Palma	2019	Distribución de la renta P80/P20	2.7		
La Palma	2018	Distribución de la renta P80/P20	2.9		
La Palma	2017	Distribución de la renta P80/P20	2.8		
La Palma	2016	Distribución de la renta P80/P20	2.9		
La Palma	2015	Distribución de la renta P80/P20	3.1		
Barlovento	2023	Índice de Gini	33.2		
Barlovento	2022	Índice de Gini	32.6		
Barlovento	2021	Índice de Gini	30.7		
Barlovento	2020	Índice de Gini	31.5		
Barlovento	2019	Índice de Gini	31.3		
Barlovento	2018	Índice de Gini	32.1		
Barlovento	2017	Índice de Gini	32.4		
Barlovento	2016	Índice de Gini	33.4		
Barlovento	2015	Índice de Gini	32.2		
Barlovento	2023	Distribución de la renta P80/P20	2.8		
Barlovento	2022	Distribución de la renta P80/P20	2.9		
Barlovento	2021	Distribución de la renta P80/P20	2.5		
Barlovento	2020	Distribución de la renta P80/P20	2.7		
Barlovento	2019	Distribución de la renta P80/P20	2.6		
Barlovento	2018	Distribución de la renta P80/P20	2.9		
Barlovento	2017	Distribución de la renta P80/P20	2.5		
Barlovento	2016	Distribución de la renta P80/P20	2.8		
Barlovento	2015	Distribución de la renta P80/P20	2.6		
Breña Alta	2023	Índice de Gini	31.9		
Breña Alta	2022	Índice de Gini	32.4		
Breña Alta	2021	Índice de Gini	31.5		
Breña Alta	2020	Índice de Gini	31.9		
Breña Alta	2019	Índice de Gini	32.1		
Breña Alta	2018	Índice de Gini	32.9		
Breña Alta	2017	Índice de Gini	32.9		
Breña Alta	2016	Índice de Gini	34.1		
Breña Alta	2015	Índice de Gini	34.7		
Breña Alta	2023	Distribución de la renta P80/P20	2.8		
Breña Alta	2022	Distribución de la renta P80/P20	2.7		
Breña Alta	2021	Distribución de la renta P80/P20	2.6		
Breña Alta	2020	Distribución de la renta P80/P20	2.8		
Breña Alta	2019	Distribución de la renta P80/P20	2.7		
Breña Alta	2018	Distribución de la renta P80/P20	2.7		
Breña Alta	2017	Distribución de la renta P80/P20	2.9		
Breña Alta	2016	Distribución de la renta P80/P20	3		
Breña Alta	2015	Distribución de la renta P80/P20	3		
Breña Baja	2023	Índice de Gini	33.2		
Breña Baja	2022	Índice de Gini	33.1		
Breña Baja	2021	Índice de Gini	31.6		
Breña Baja	2020	Índice de Gini	31.7		
Breña Baja	2019	Índice de Gini	31.9		
Breña Baja	2018	Índice de Gini	32.7		
Breña Baja	2017	Índice de Gini	33.4		
Breña Baja	2016	Índice de Gini	34.7		
Breña Baja	2015	Índice de Gini	34.9		
Breña Baja	2023	Distribución de la renta P80/P20	2.9		
Breña Baja	2022	Distribución de la renta P80/P20	2.9		
Breña Baja	2021	Distribución de la renta P80/P20	2.8		
Breña Baja	2020	Distribución de la renta P80/P20	2.9		
Breña Baja	2019	Distribución de la renta P80/P20	2.8		
Breña Baja	2018	Distribución de la renta P80/P20	2.9		
Breña Baja	2017	Distribución de la renta P80/P20	3.1		
Breña Baja	2016	Distribución de la renta P80/P20	3.2		
Breña Baja	2015	Distribución de la renta P80/P20	3.1		
Fuencaliente de La Palma	2023	Índice de Gini	31.3		
Fuencaliente de La Palma	2022	Índice de Gini	31.7		
Fuencaliente de La Palma	2021	Índice de Gini	29.8		
Fuencaliente de La Palma	2020	Índice de Gini	30.1		
Fuencaliente de La Palma	2019	Índice de Gini	29.4		
Fuencaliente de La Palma	2018	Índice de Gini	31		
Fuencaliente de La Palma	2017	Índice de Gini	30.3		
Fuencaliente de La Palma	2016	Índice de Gini	31		
Fuencaliente de La Palma	2015	Índice de Gini	30.9		
Fuencaliente de La Palma	2023	Distribución de la renta P80/P20	2.6		
Fuencaliente de La Palma	2022	Distribución de la renta P80/P20	2.6		
Fuencaliente de La Palma	2021	Distribución de la renta P80/P20	2.4		
Fuencaliente de La Palma	2020	Distribución de la renta P80/P20	2.5		
Fuencaliente de La Palma	2019	Distribución de la renta P80/P20	2.6		
Fuencaliente de La Palma	2018	Distribución de la renta P80/P20	2.7		
Fuencaliente de La Palma	2017	Distribución de la renta P80/P20	2.5		
Fuencaliente de La Palma	2016	Distribución de la renta P80/P20	2.5		
Fuencaliente de La Palma	2015	Distribución de la renta P80/P20	2.7		
Garafía	2023	Índice de Gini	36.4		
Garafía	2022	Índice de Gini	36.1		
Garafía	2021	Índice de Gini	36.8		
Garafía	2020	Índice de Gini	36.8		
Garafía	2019	Índice de Gini	35.7		
Garafía	2018	Índice de Gini	36.6		
Garafía	2017	Índice de Gini	35.5		
Garafía	2016	Índice de Gini	37.3		
Garafía	2015	Índice de Gini	35		
Garafía	2023	Distribución de la renta P80/P20	3.5		
Garafía	2022	Distribución de la renta P80/P20	3.2		
Garafía	2021	Distribución de la renta P80/P20	3.4		
Garafía	2020	Distribución de la renta P80/P20	3.8		
Garafía	2019	Distribución de la renta P80/P20	3.3		
Garafía	2018	Distribución de la renta P80/P20	3.6		
Garafía	2017	Distribución de la renta P80/P20	3.5		
Garafía	2016	Distribución de la renta P80/P20	3.7		
Garafía	2015	Distribución de la renta P80/P20	3.2		
Los Llanos de Aridane	2023	Índice de Gini	34.4		
Los Llanos de Aridane	2022	Índice de Gini	34		
Los Llanos de Aridane	2021	Índice de Gini	33.3		
Los Llanos de Aridane	2020	Índice de Gini	33.6		
Los Llanos de Aridane	2019	Índice de Gini	34.1		
Los Llanos de Aridane	2018	Índice de Gini	35		
Los Llanos de Aridane	2017	Índice de Gini	35		
Los Llanos de Aridane	2016	Índice de Gini	36.2		
Los Llanos de Aridane	2015	Índice de Gini	37.1		
Los Llanos de Aridane	2023	Distribución de la renta P80/P20	2.9		
Los Llanos de Aridane	2022	Distribución de la renta P80/P20	2.8		
Los Llanos de Aridane	2021	Distribución de la renta P80/P20	2.7		
Los Llanos de Aridane	2020	Distribución de la renta P80/P20	2.9		
Los Llanos de Aridane	2019	Distribución de la renta P80/P20	2.8		
Los Llanos de Aridane	2018	Distribución de la renta P80/P20	3		
Los Llanos de Aridane	2017	Distribución de la renta P80/P20	2.9		
Los Llanos de Aridane	2016	Distribución de la renta P80/P20	3.1		
Los Llanos de Aridane	2015	Distribución de la renta P80/P20	3.3		
El Paso	2023	Índice de Gini	33.2		
El Paso	2022	Índice de Gini	32.4		
El Paso	2021	Índice de Gini	31.8		
El Paso	2020	Índice de Gini	33.4		
El Paso	2019	Índice de Gini	33.7		
El Paso	2018	Índice de Gini	34.3		
El Paso	2017	Índice de Gini	34.5		
El Paso	2016	Índice de Gini	35.7		
El Paso	2015	Índice de Gini	35.4		
El Paso	2023	Distribución de la renta P80/P20	2.6		
El Paso	2022	Distribución de la renta P80/P20	2.7		
El Paso	2021	Distribución de la renta P80/P20	2.6		
El Paso	2020	Distribución de la renta P80/P20	2.7		
El Paso	2019	Distribución de la renta P80/P20	3		
El Paso	2018	Distribución de la renta P80/P20	2.8		
El Paso	2017	Distribución de la renta P80/P20	2.9		
El Paso	2016	Distribución de la renta P80/P20	3.1		
El Paso	2015	Distribución de la renta P80/P20	3		
Puntagorda	2023	Índice de Gini	34.6		
Puntagorda	2022	Índice de Gini	36.5		
Puntagorda	2021	Índice de Gini	35.8		
Puntagorda	2020	Índice de Gini	37.3		
Puntagorda	2019	Índice de Gini	37.7		
Puntagorda	2018	Índice de Gini	37.2		
Puntagorda	2017	Índice de Gini	37.4		
Puntagorda	2016	Índice de Gini	37.1		
Puntagorda	2015	Índice de Gini	35.7		
Puntagorda	2023	Distribución de la renta P80/P20	3.1		
Puntagorda	2022	Distribución de la renta P80/P20	3.6		
Puntagorda	2021	Distribución de la renta P80/P20	3.1		
Puntagorda	2020	Distribución de la renta P80/P20	3.4		
Puntagorda	2019	Distribución de la renta P80/P20	3.4		
Puntagorda	2018	Distribución de la renta P80/P20	3.3		
Puntagorda	2017	Distribución de la renta P80/P20	3.6		
Puntagorda	2016	Distribución de la renta P80/P20	3.5		
Puntagorda	2015	Distribución de la renta P80/P20	3.3		
Puntallana	2023	Índice de Gini	32.6		
Puntallana	2022	Índice de Gini	31.1		
Puntallana	2021	Índice de Gini	30.6		
Puntallana	2020	Índice de Gini	30.4		
Puntallana	2019	Índice de Gini	29.9		
Puntallana	2018	Índice de Gini	29.6		
Puntallana	2017	Índice de Gini	29.8		
Puntallana	2016	Índice de Gini	31		
Puntallana	2015	Índice de Gini	31.1		
Puntallana	2023	Distribución de la renta P80/P20	3		
Puntallana	2022	Distribución de la renta P80/P20	2.9		
Puntallana	2021	Distribución de la renta P80/P20	2.9		
Puntallana	2020	Distribución de la renta P80/P20	2.8		
Puntallana	2019	Distribución de la renta P80/P20	2.7		
Puntallana	2018	Distribución de la renta P80/P20	2.5		
Puntallana	2017	Distribución de la renta P80/P20	2.7		
Puntallana	2016	Distribución de la renta P80/P20	2.8		
Puntallana	2015	Distribución de la renta P80/P20	2.7		
San Andrés y Sauces	2023	Índice de Gini	32		
San Andrés y Sauces	2022	Índice de Gini	32		
San Andrés y Sauces	2021	Índice de Gini	30.8		
San Andrés y Sauces	2020	Índice de Gini	30.5		
San Andrés y Sauces	2019	Índice de Gini	31.7		
San Andrés y Sauces	2018	Índice de Gini	31		
San Andrés y Sauces	2017	Índice de Gini	31		
San Andrés y Sauces	2016	Índice de Gini	31.6		
San Andrés y Sauces	2015	Índice de Gini	30.6		
San Andrés y Sauces	2023	Distribución de la renta P80/P20	2.7		
San Andrés y Sauces	2022	Distribución de la renta P80/P20	2.7		
San Andrés y Sauces	2021	Distribución de la renta P80/P20	2.8		
San Andrés y Sauces	2020	Distribución de la renta P80/P20	2.6		
San Andrés y Sauces	2019	Distribución de la renta P80/P20	2.5		
San Andrés y Sauces	2018	Distribución de la renta P80/P20	2.5		
San Andrés y Sauces	2017	Distribución de la renta P80/P20	2.6		
San Andrés y Sauces	2016	Distribución de la renta P80/P20	2.7		
San Andrés y Sauces	2015	Distribución de la renta P80/P20	2.6		
Santa Cruz de La Palma	2023	Índice de Gini	33.7		
Santa Cruz de La Palma	2022	Índice de Gini	33.9		
Santa Cruz de La Palma	2021	Índice de Gini	32.4		
Santa Cruz de La Palma	2020	Índice de Gini	33.1		
Santa Cruz de La Palma	2019	Índice de Gini	33.5		
Santa Cruz de La Palma	2018	Índice de Gini	34.2		
Santa Cruz de La Palma	2017	Índice de Gini	34.4		
Santa Cruz de La Palma	2016	Índice de Gini	34.9		
Santa Cruz de La Palma	2015	Índice de Gini	35.4		
Santa Cruz de La Palma	2023	Distribución de la renta P80/P20	2.8		
Santa Cruz de La Palma	2022	Distribución de la renta P80/P20	2.8		
Santa Cruz de La Palma	2021	Distribución de la renta P80/P20	2.9		
Santa Cruz de La Palma	2020	Distribución de la renta P80/P20	2.9		
Santa Cruz de La Palma	2019	Distribución de la renta P80/P20	2.8		
Santa Cruz de La Palma	2018	Distribución de la renta P80/P20	3		
Santa Cruz de La Palma	2017	Distribución de la renta P80/P20	3.1		
Santa Cruz de La Palma	2016	Distribución de la renta P80/P20	3		
Santa Cruz de La Palma	2015	Distribución de la renta P80/P20	3.3		
Tazacorte	2023	Índice de Gini	31.6		
Tazacorte	2022	Índice de Gini	29.9		
Tazacorte	2021	Índice de Gini	30.8		
Tazacorte	2020	Índice de Gini	30.1		
Tazacorte	2019	Índice de Gini	30.7		
Tazacorte	2018	Índice de Gini	32.1		
Tazacorte	2017	Índice de Gini	31.8		
Tazacorte	2016	Índice de Gini	32.6		
Tazacorte	2015	Índice de Gini	33.7		
Tazacorte	2023	Distribución de la renta P80/P20	2.5		
Tazacorte	2022	Distribución de la renta P80/P20	2.2		
Tazacorte	2021	Distribución de la renta P80/P20	2.4		
Tazacorte	2020	Distribución de la renta P80/P20	2.5		
Tazacorte	2019	Distribución de la renta P80/P20	2.4		
Tazacorte	2018	Distribución de la renta P80/P20	2.6		
Tazacorte	2017	Distribución de la renta P80/P20	2.5		
Tazacorte	2016	Distribución de la renta P80/P20	2.6		
Tazacorte	2015	Distribución de la renta P80/P20	2.5		
Tijarafe	2023	Índice de Gini	33.3		
Tijarafe	2022	Índice de Gini	34		
Tijarafe	2021	Índice de Gini	32.5		
Tijarafe	2020	Índice de Gini	33.3		
Tijarafe	2019	Índice de Gini	33.2		
Tijarafe	2018	Índice de Gini	35.4		
Tijarafe	2017	Índice de Gini	33.9		
Tijarafe	2016	Índice de Gini	35		
Tijarafe	2015	Índice de Gini	35.9		
Tijarafe	2023	Distribución de la renta P80/P20	2.8		
Tijarafe	2022	Distribución de la renta P80/P20	2.8		
Tijarafe	2021	Distribución de la renta P80/P20	2.5		
Tijarafe	2020	Distribución de la renta P80/P20	3		
Tijarafe	2019	Distribución de la renta P80/P20	2.6		
Tijarafe	2018	Distribución de la renta P80/P20	3.5		
Tijarafe	2017	Distribución de la renta P80/P20	2.9		
Tijarafe	2016	Distribución de la renta P80/P20	3		
Tijarafe	2015	Distribución de la renta P80/P20	3.3		
Villa de Mazo	2023	Índice de Gini	32.4		
Villa de Mazo	2022	Índice de Gini	32.1		
Villa de Mazo	2021	Índice de Gini	31.5		
Villa de Mazo	2020	Índice de Gini	31.8		
Villa de Mazo	2019	Índice de Gini	31.7		
Villa de Mazo	2018	Índice de Gini	32.2		
Villa de Mazo	2017	Índice de Gini	33.5		
Villa de Mazo	2016	Índice de Gini	34.3		
Villa de Mazo	2015	Índice de Gini	34.9		
Villa de Mazo	2023	Distribución de la renta P80/P20	2.7		
Villa de Mazo	2022	Distribución de la renta P80/P20	2.7		
Villa de Mazo	2021	Distribución de la renta P80/P20	2.5		
Villa de Mazo	2020	Distribución de la renta P80/P20	2.5		
Villa de Mazo	2019	Distribución de la renta P80/P20	2.7		
Villa de Mazo	2018	Distribución de la renta P80/P20	2.9		
Villa de Mazo	2017	Distribución de la renta P80/P20	2.8		
Villa de Mazo	2016	Distribución de la renta P80/P20	3.4		
Villa de Mazo	2015	Distribución de la renta P80/P20	3.2		
El Hierro	2023	Índice de Gini	33.1		
El Hierro	2022	Índice de Gini	33		
El Hierro	2021	Índice de Gini	32.7		
El Hierro	2020	Índice de Gini	33.2		
El Hierro	2019	Índice de Gini	34		
El Hierro	2018	Índice de Gini	34.8		
El Hierro	2017	Índice de Gini	35.4		
El Hierro	2016	Índice de Gini	36.9		
El Hierro	2015	Índice de Gini	35.3		
El Hierro	2023	Distribución de la renta P80/P20	3		
El Hierro	2022	Distribución de la renta P80/P20	3		
El Hierro	2021	Distribución de la renta P80/P20	2.8		
El Hierro	2020	Distribución de la renta P80/P20	3		
El Hierro	2019	Distribución de la renta P80/P20	2.9		
El Hierro	2018	Distribución de la renta P80/P20	3		
El Hierro	2017	Distribución de la renta P80/P20	2.9		
El Hierro	2016	Distribución de la renta P80/P20	3.5		
El Hierro	2015	Distribución de la renta P80/P20	3		
Frontera	2023	Índice de Gini	32.9		
Frontera	2022	Índice de Gini	32.9		
Frontera	2021	Índice de Gini	32.3		
Frontera	2020	Índice de Gini	32.5		
Frontera	2019	Índice de Gini	32.8		
Frontera	2018	Índice de Gini	33.5		
Frontera	2017	Índice de Gini	34.7		
Frontera	2016	Índice de Gini	37		
Frontera	2015	Índice de Gini	35.2		
Frontera	2023	Distribución de la renta P80/P20	2.9		
Frontera	2022	Distribución de la renta P80/P20	3		
Frontera	2021	Distribución de la renta P80/P20	2.8		
Frontera	2020	Distribución de la renta P80/P20	2.6		
Frontera	2019	Distribución de la renta P80/P20	2.9		
Frontera	2018	Distribución de la renta P80/P20	3		
Frontera	2017	Distribución de la renta P80/P20	2.8		
Frontera	2016	Distribución de la renta P80/P20	3.4		
Frontera	2015	Distribución de la renta P80/P20	3.1		
Valverde	2023	Índice de Gini	33.1		
Valverde	2022	Índice de Gini	32.5		
Valverde	2021	Índice de Gini	32.5		
Valverde	2020	Índice de Gini	33.1		
Valverde	2019	Índice de Gini	34.4		
Valverde	2018	Índice de Gini	35.4		
Valverde	2017	Índice de Gini	35.3		
Valverde	2016	Índice de Gini	35.9		
Valverde	2015	Índice de Gini	34.8		
Valverde	2023	Distribución de la renta P80/P20	2.9		
Valverde	2022	Distribución de la renta P80/P20	2.9		
Valverde	2021	Distribución de la renta P80/P20	2.9		
Valverde	2020	Distribución de la renta P80/P20	2.9		
Valverde	2019	Distribución de la renta P80/P20	3.4		
Valverde	2018	Distribución de la renta P80/P20	3.4		
Valverde	2017	Distribución de la renta P80/P20	3.3		
Valverde	2016	Distribución de la renta P80/P20	3.5		
Valverde	2015	Distribución de la renta P80/P20	3.1		
El Pinar de El Hierro	2023	Índice de Gini	32		
El Pinar de El Hierro	2022	Índice de Gini	32.4		
El Pinar de El Hierro	2021	Índice de Gini	32.3		
El Pinar de El Hierro	2020	Índice de Gini	32.5		
El Pinar de El Hierro	2019	Índice de Gini	33.3		
El Pinar de El Hierro	2018	Índice de Gini	34.3		
El Pinar de El Hierro	2017	Índice de Gini	34.5		
El Pinar de El Hierro	2016	Índice de Gini	36.1		
El Pinar de El Hierro	2015	Índice de Gini	34.6		
El Pinar de El Hierro	2023	Distribución de la renta P80/P20	2.9		
El Pinar de El Hierro	2022	Distribución de la renta P80/P20	2.8		
El Pinar de El Hierro	2021	Distribución de la renta P80/P20	3		
El Pinar de El Hierro	2020	Distribución de la renta P80/P20	2.7		
El Pinar de El Hierro	2019	Distribución de la renta P80/P20	3.1		
El Pinar de El Hierro	2018	Distribución de la renta P80/P20	3.1		
El Pinar de El Hierro	2017	Distribución de la renta P80/P20	2.9		
El Pinar de El Hierro	2016	Distribución de la renta P80/P20	3.4		
El Pinar de El Hierro	2015	Distribución de la renta P80/P20	3.1		
